SET DATEFORMAT ymd
SET ARITHABORT, ANSI_PADDING, ANSI_WARNINGS, CONCAT_NULL_YIELDS_NULL, QUOTED_IDENTIFIER, ANSI_NULLS, NOCOUNT ON
SET NUMERIC_ROUNDABORT, IMPLICIT_TRANSACTIONS, XACT_ABORT OFF
GO

SET IDENTITY_INSERT GestionStock_FRSS.dbo.Categorias ON
GO
INSERT GestionStock_FRSS.dbo.Categorias(ID, Nombre) VALUES (1, 'Electrónica')
INSERT GestionStock_FRSS.dbo.Categorias(ID, Nombre) VALUES (2, 'Indumentaria')
INSERT GestionStock_FRSS.dbo.Categorias(ID, Nombre) VALUES (3, 'Hogar')
INSERT GestionStock_FRSS.dbo.Categorias(ID, Nombre) VALUES (4, 'Alimentos')
INSERT GestionStock_FRSS.dbo.Categorias(ID, Nombre) VALUES (5, 'Limpieza')
GO
SET IDENTITY_INSERT GestionStock_FRSS.dbo.Categorias OFF
GO

SET IDENTITY_INSERT GestionStock_FRSS.dbo.Clientes ON
GO
INSERT GestionStock_FRSS.dbo.Clientes(ID, IDCondicionIVA, Nombre, Apellido, Telefono, CUIT_CUIL, Alta, Email) VALUES (1, 1, 'María', 'González', '1123456789', '27-33445566-8', CONVERT(bit, 'True'), 'maria.gonzalez@gmail.com')
INSERT GestionStock_FRSS.dbo.Clientes(ID, IDCondicionIVA, Nombre, Apellido, Telefono, CUIT_CUIL, Alta, Email) VALUES (2, 2, 'Javier', 'Pérez', '1134567890', '20-22334455-9', CONVERT(bit, 'True'), 'javier.perez@hotmail.com')
INSERT GestionStock_FRSS.dbo.Clientes(ID, IDCondicionIVA, Nombre, Apellido, Telefono, CUIT_CUIL, Alta, Email) VALUES (3, 1, 'Lucía', 'Fernández', '1145678901', '27-99887766-2', CONVERT(bit, 'True'), 'lucia.fernandez@yahoo.com')
INSERT GestionStock_FRSS.dbo.Clientes(ID, IDCondicionIVA, Nombre, Apellido, Telefono, CUIT_CUIL, Alta, Email) VALUES (4, 3, 'Martín', 'Sosa', '1156789012', '20-11223344-7', CONVERT(bit, 'True'), 'martin.sosa@gmail.com')
INSERT GestionStock_FRSS.dbo.Clientes(ID, IDCondicionIVA, Nombre, Apellido, Telefono, CUIT_CUIL, Alta, Email) VALUES (5, 2, 'Carla', 'Díaz', '1167890123', '27-55667788-5', CONVERT(bit, 'True'), 'carla.diaz@gmail.com')
INSERT GestionStock_FRSS.dbo.Clientes(ID, IDCondicionIVA, Nombre, Apellido, Telefono, CUIT_CUIL, Alta, Email) VALUES (6, 1, 'Santiago', 'Ramírez', '1178901234', '20-66554433-1', CONVERT(bit, 'True'), 'santiago.ramirez@gmail.com')
INSERT GestionStock_FRSS.dbo.Clientes(ID, IDCondicionIVA, Nombre, Apellido, Telefono, CUIT_CUIL, Alta, Email) VALUES (7, 3, 'Rocío', 'Torres', '1189012345', '27-77889900-4', CONVERT(bit, 'True'), 'rocio.torres@hotmail.com')
INSERT GestionStock_FRSS.dbo.Clientes(ID, IDCondicionIVA, Nombre, Apellido, Telefono, CUIT_CUIL, Alta, Email) VALUES (8, 2, 'Ezequiel', 'Morales', '1190123456', '20-88990011-3', CONVERT(bit, 'True'), 'ezequiel.morales@gmail.com')
INSERT GestionStock_FRSS.dbo.Clientes(ID, IDCondicionIVA, Nombre, Apellido, Telefono, CUIT_CUIL, Alta, Email) VALUES (9, 1, 'Valentina', 'Ruiz', '1122233344', '27-12345678-9', CONVERT(bit, 'True'), 'valentina.ruiz@gmail.com')
INSERT GestionStock_FRSS.dbo.Clientes(ID, IDCondicionIVA, Nombre, Apellido, Telefono, CUIT_CUIL, Alta, Email) VALUES (10, 3, 'Nicolás', 'Herrera', '1133344455', '20-98765432-1', CONVERT(bit, 'True'), 'nicolas.herrera@gmail.com')
GO
SET IDENTITY_INSERT GestionStock_FRSS.dbo.Clientes OFF
GO

SET IDENTITY_INSERT GestionStock_FRSS.dbo.CondicionIVA ON
GO
INSERT GestionStock_FRSS.dbo.CondicionIVA(ID, CondicionIVA, Porcentaje) VALUES (1, 'Responsable Inscripto', 21)
INSERT GestionStock_FRSS.dbo.CondicionIVA(ID, CondicionIVA, Porcentaje) VALUES (2, 'Monotributista', 10.5)
INSERT GestionStock_FRSS.dbo.CondicionIVA(ID, CondicionIVA, Porcentaje) VALUES (3, 'Exento', 0)
INSERT GestionStock_FRSS.dbo.CondicionIVA(ID, CondicionIVA, Porcentaje) VALUES (4, 'Responsable no Inscripto', 21)
INSERT GestionStock_FRSS.dbo.CondicionIVA(ID, CondicionIVA, Porcentaje) VALUES (5, 'Consumidor Final', 21)
INSERT GestionStock_FRSS.dbo.CondicionIVA(ID, CondicionIVA, Porcentaje) VALUES (6, 'Exportación', 0)
INSERT GestionStock_FRSS.dbo.CondicionIVA(ID, CondicionIVA, Porcentaje) VALUES (7, 'IVA Diferencial', 10.5)
INSERT GestionStock_FRSS.dbo.CondicionIVA(ID, CondicionIVA, Porcentaje) VALUES (8, 'Pequeño Contribuyente', 5)
INSERT GestionStock_FRSS.dbo.CondicionIVA(ID, CondicionIVA, Porcentaje) VALUES (9, 'Responsable Inscripto Agricultura', 10.5)
INSERT GestionStock_FRSS.dbo.CondicionIVA(ID, CondicionIVA, Porcentaje) VALUES (10, 'Exento por Ley', 0)
GO
SET IDENTITY_INSERT GestionStock_FRSS.dbo.CondicionIVA OFF
GO

SET IDENTITY_INSERT GestionStock_FRSS.dbo.Etiquetas ON
GO
INSERT GestionStock_FRSS.dbo.Etiquetas(ID, Etiqueta) VALUES (4, 'Oficina        ')
INSERT GestionStock_FRSS.dbo.Etiquetas(ID, Etiqueta) VALUES (5, 'Principal      ')
INSERT GestionStock_FRSS.dbo.Etiquetas(ID, Etiqueta) VALUES (6, 'Recepcion      ')
GO
SET IDENTITY_INSERT GestionStock_FRSS.dbo.Etiquetas OFF
GO

SET IDENTITY_INSERT GestionStock_FRSS.dbo.HistorialPrecios ON
GO
INSERT GestionStock_FRSS.dbo.HistorialPrecios(ID, IDProducto, Precio, FechaDesde, FechaHasta) VALUES (2, 1, 18000.00, '2023-01-01 00:00:00.000', '2023-06-30 00:00:00.000')
INSERT GestionStock_FRSS.dbo.HistorialPrecios(ID, IDProducto, Precio, FechaDesde, FechaHasta) VALUES (3, 1, 18500.00, '2023-07-01 00:00:00.000', '2023-12-31 00:00:00.000')
INSERT GestionStock_FRSS.dbo.HistorialPrecios(ID, IDProducto, Precio, FechaDesde, FechaHasta) VALUES (4, 1, 19000.00, '2024-01-01 00:00:00.000', NULL)
INSERT GestionStock_FRSS.dbo.HistorialPrecios(ID, IDProducto, Precio, FechaDesde, FechaHasta) VALUES (5, 2, 12000.00, '2023-01-01 00:00:00.000', '2023-06-30 00:00:00.000')
INSERT GestionStock_FRSS.dbo.HistorialPrecios(ID, IDProducto, Precio, FechaDesde, FechaHasta) VALUES (6, 2, 12500.00, '2023-07-01 00:00:00.000', '2023-12-31 00:00:00.000')
INSERT GestionStock_FRSS.dbo.HistorialPrecios(ID, IDProducto, Precio, FechaDesde, FechaHasta) VALUES (7, 2, 13000.00, '2024-01-01 00:00:00.000', NULL)
INSERT GestionStock_FRSS.dbo.HistorialPrecios(ID, IDProducto, Precio, FechaDesde, FechaHasta) VALUES (8, 3, 23000.00, '2023-01-01 00:00:00.000', '2023-06-30 00:00:00.000')
INSERT GestionStock_FRSS.dbo.HistorialPrecios(ID, IDProducto, Precio, FechaDesde, FechaHasta) VALUES (9, 3, 23800.00, '2023-07-01 00:00:00.000', '2023-12-31 00:00:00.000')
INSERT GestionStock_FRSS.dbo.HistorialPrecios(ID, IDProducto, Precio, FechaDesde, FechaHasta) VALUES (10, 3, 24500.00, '2024-01-01 00:00:00.000', NULL)
INSERT GestionStock_FRSS.dbo.HistorialPrecios(ID, IDProducto, Precio, FechaDesde, FechaHasta) VALUES (11, 4, 37000.00, '2023-01-01 00:00:00.000', '2023-06-30 00:00:00.000')
INSERT GestionStock_FRSS.dbo.HistorialPrecios(ID, IDProducto, Precio, FechaDesde, FechaHasta) VALUES (12, 4, 38000.00, '2023-07-01 00:00:00.000', '2023-12-31 00:00:00.000')
INSERT GestionStock_FRSS.dbo.HistorialPrecios(ID, IDProducto, Precio, FechaDesde, FechaHasta) VALUES (13, 4, 39000.00, '2024-01-01 00:00:00.000', NULL)
INSERT GestionStock_FRSS.dbo.HistorialPrecios(ID, IDProducto, Precio, FechaDesde, FechaHasta) VALUES (14, 5, 7500.00, '2023-01-01 00:00:00.000', '2023-06-30 00:00:00.000')
INSERT GestionStock_FRSS.dbo.HistorialPrecios(ID, IDProducto, Precio, FechaDesde, FechaHasta) VALUES (15, 5, 7800.00, '2023-07-01 00:00:00.000', '2023-12-31 00:00:00.000')
INSERT GestionStock_FRSS.dbo.HistorialPrecios(ID, IDProducto, Precio, FechaDesde, FechaHasta) VALUES (16, 5, 8000.00, '2024-01-01 00:00:00.000', NULL)
INSERT GestionStock_FRSS.dbo.HistorialPrecios(ID, IDProducto, Precio, FechaDesde, FechaHasta) VALUES (17, 6, 24500.00, '2023-01-01 00:00:00.000', '2023-06-30 00:00:00.000')
INSERT GestionStock_FRSS.dbo.HistorialPrecios(ID, IDProducto, Precio, FechaDesde, FechaHasta) VALUES (18, 6, 25000.00, '2023-07-01 00:00:00.000', '2023-12-31 00:00:00.000')
INSERT GestionStock_FRSS.dbo.HistorialPrecios(ID, IDProducto, Precio, FechaDesde, FechaHasta) VALUES (19, 6, 25500.00, '2024-01-01 00:00:00.000', NULL)
INSERT GestionStock_FRSS.dbo.HistorialPrecios(ID, IDProducto, Precio, FechaDesde, FechaHasta) VALUES (20, 7, 32000.00, '2023-01-01 00:00:00.000', '2023-06-30 00:00:00.000')
INSERT GestionStock_FRSS.dbo.HistorialPrecios(ID, IDProducto, Precio, FechaDesde, FechaHasta) VALUES (21, 7, 32500.00, '2023-07-01 00:00:00.000', '2023-12-31 00:00:00.000')
INSERT GestionStock_FRSS.dbo.HistorialPrecios(ID, IDProducto, Precio, FechaDesde, FechaHasta) VALUES (22, 7, 32999.00, '2024-01-01 00:00:00.000', NULL)
INSERT GestionStock_FRSS.dbo.HistorialPrecios(ID, IDProducto, Precio, FechaDesde, FechaHasta) VALUES (23, 8, 14500.00, '2023-01-01 00:00:00.000', '2023-06-30 00:00:00.000')
INSERT GestionStock_FRSS.dbo.HistorialPrecios(ID, IDProducto, Precio, FechaDesde, FechaHasta) VALUES (24, 8, 14800.00, '2023-07-01 00:00:00.000', '2023-12-31 00:00:00.000')
INSERT GestionStock_FRSS.dbo.HistorialPrecios(ID, IDProducto, Precio, FechaDesde, FechaHasta) VALUES (25, 8, 14999.00, '2024-01-01 00:00:00.000', NULL)
INSERT GestionStock_FRSS.dbo.HistorialPrecios(ID, IDProducto, Precio, FechaDesde, FechaHasta) VALUES (26, 9, 8500.00, '2023-01-01 00:00:00.000', '2023-06-30 00:00:00.000')
INSERT GestionStock_FRSS.dbo.HistorialPrecios(ID, IDProducto, Precio, FechaDesde, FechaHasta) VALUES (27, 9, 8750.00, '2023-07-01 00:00:00.000', '2023-12-31 00:00:00.000')
INSERT GestionStock_FRSS.dbo.HistorialPrecios(ID, IDProducto, Precio, FechaDesde, FechaHasta) VALUES (28, 9, 8999.00, '2024-01-01 00:00:00.000', NULL)
INSERT GestionStock_FRSS.dbo.HistorialPrecios(ID, IDProducto, Precio, FechaDesde, FechaHasta) VALUES (29, 10, 12500.00, '2023-01-01 00:00:00.000', '2023-06-30 00:00:00.000')
INSERT GestionStock_FRSS.dbo.HistorialPrecios(ID, IDProducto, Precio, FechaDesde, FechaHasta) VALUES (30, 10, 12800.00, '2023-07-01 00:00:00.000', '2023-12-31 00:00:00.000')
INSERT GestionStock_FRSS.dbo.HistorialPrecios(ID, IDProducto, Precio, FechaDesde, FechaHasta) VALUES (31, 10, 13000.00, '2024-01-01 00:00:00.000', NULL)
INSERT GestionStock_FRSS.dbo.HistorialPrecios(ID, IDProducto, Precio, FechaDesde, FechaHasta) VALUES (32, 11, 27000.00, '2023-01-01 00:00:00.000', '2023-06-30 00:00:00.000')
INSERT GestionStock_FRSS.dbo.HistorialPrecios(ID, IDProducto, Precio, FechaDesde, FechaHasta) VALUES (33, 11, 27500.00, '2023-07-01 00:00:00.000', '2023-12-31 00:00:00.000')
INSERT GestionStock_FRSS.dbo.HistorialPrecios(ID, IDProducto, Precio, FechaDesde, FechaHasta) VALUES (34, 11, 28000.00, '2024-01-01 00:00:00.000', NULL)
INSERT GestionStock_FRSS.dbo.HistorialPrecios(ID, IDProducto, Precio, FechaDesde, FechaHasta) VALUES (35, 12, 5800.00, '2023-01-01 00:00:00.000', '2023-06-30 00:00:00.000')
INSERT GestionStock_FRSS.dbo.HistorialPrecios(ID, IDProducto, Precio, FechaDesde, FechaHasta) VALUES (36, 12, 5900.00, '2023-07-01 00:00:00.000', '2023-12-31 00:00:00.000')
INSERT GestionStock_FRSS.dbo.HistorialPrecios(ID, IDProducto, Precio, FechaDesde, FechaHasta) VALUES (37, 12, 5999.00, '2024-01-01 00:00:00.000', NULL)
INSERT GestionStock_FRSS.dbo.HistorialPrecios(ID, IDProducto, Precio, FechaDesde, FechaHasta) VALUES (38, 13, 2800.00, '2023-01-01 00:00:00.000', '2023-06-30 00:00:00.000')
INSERT GestionStock_FRSS.dbo.HistorialPrecios(ID, IDProducto, Precio, FechaDesde, FechaHasta) VALUES (39, 13, 2850.00, '2023-07-01 00:00:00.000', '2023-12-31 00:00:00.000')
INSERT GestionStock_FRSS.dbo.HistorialPrecios(ID, IDProducto, Precio, FechaDesde, FechaHasta) VALUES (40, 13, 2900.00, '2024-01-01 00:00:00.000', NULL)
INSERT GestionStock_FRSS.dbo.HistorialPrecios(ID, IDProducto, Precio, FechaDesde, FechaHasta) VALUES (41, 14, 1700.00, '2023-01-01 00:00:00.000', '2023-06-30 00:00:00.000')
INSERT GestionStock_FRSS.dbo.HistorialPrecios(ID, IDProducto, Precio, FechaDesde, FechaHasta) VALUES (42, 14, 1750.00, '2023-07-01 00:00:00.000', '2023-12-31 00:00:00.000')
INSERT GestionStock_FRSS.dbo.HistorialPrecios(ID, IDProducto, Precio, FechaDesde, FechaHasta) VALUES (43, 14, 1799.00, '2024-01-01 00:00:00.000', NULL)
INSERT GestionStock_FRSS.dbo.HistorialPrecios(ID, IDProducto, Precio, FechaDesde, FechaHasta) VALUES (44, 15, 1300.00, '2023-01-01 00:00:00.000', '2023-06-30 00:00:00.000')
INSERT GestionStock_FRSS.dbo.HistorialPrecios(ID, IDProducto, Precio, FechaDesde, FechaHasta) VALUES (45, 15, 1350.00, '2023-07-01 00:00:00.000', '2023-12-31 00:00:00.000')
INSERT GestionStock_FRSS.dbo.HistorialPrecios(ID, IDProducto, Precio, FechaDesde, FechaHasta) VALUES (46, 15, 1399.00, '2024-01-01 00:00:00.000', NULL)
INSERT GestionStock_FRSS.dbo.HistorialPrecios(ID, IDProducto, Precio, FechaDesde, FechaHasta) VALUES (47, 16, 3400.00, '2023-01-01 00:00:00.000', '2023-06-30 00:00:00.000')
INSERT GestionStock_FRSS.dbo.HistorialPrecios(ID, IDProducto, Precio, FechaDesde, FechaHasta) VALUES (48, 16, 3500.00, '2023-07-01 00:00:00.000', '2023-12-31 00:00:00.000')
INSERT GestionStock_FRSS.dbo.HistorialPrecios(ID, IDProducto, Precio, FechaDesde, FechaHasta) VALUES (49, 16, 3600.00, '2024-01-01 00:00:00.000', NULL)
INSERT GestionStock_FRSS.dbo.HistorialPrecios(ID, IDProducto, Precio, FechaDesde, FechaHasta) VALUES (50, 17, 1100.00, '2023-01-01 00:00:00.000', '2023-06-30 00:00:00.000')
INSERT GestionStock_FRSS.dbo.HistorialPrecios(ID, IDProducto, Precio, FechaDesde, FechaHasta) VALUES (51, 17, 1150.00, '2023-07-01 00:00:00.000', '2023-12-31 00:00:00.000')
INSERT GestionStock_FRSS.dbo.HistorialPrecios(ID, IDProducto, Precio, FechaDesde, FechaHasta) VALUES (52, 17, 1200.00, '2024-01-01 00:00:00.000', NULL)
INSERT GestionStock_FRSS.dbo.HistorialPrecios(ID, IDProducto, Precio, FechaDesde, FechaHasta) VALUES (53, 18, 900.00, '2023-01-01 00:00:00.000', '2023-06-30 00:00:00.000')
INSERT GestionStock_FRSS.dbo.HistorialPrecios(ID, IDProducto, Precio, FechaDesde, FechaHasta) VALUES (54, 18, 950.00, '2023-07-01 00:00:00.000', '2023-12-31 00:00:00.000')
INSERT GestionStock_FRSS.dbo.HistorialPrecios(ID, IDProducto, Precio, FechaDesde, FechaHasta) VALUES (55, 18, 1000.00, '2024-01-01 00:00:00.000', NULL)
INSERT GestionStock_FRSS.dbo.HistorialPrecios(ID, IDProducto, Precio, FechaDesde, FechaHasta) VALUES (56, 19, 2100.00, '2023-01-01 00:00:00.000', '2023-06-30 00:00:00.000')
INSERT GestionStock_FRSS.dbo.HistorialPrecios(ID, IDProducto, Precio, FechaDesde, FechaHasta) VALUES (57, 19, 2150.00, '2023-07-01 00:00:00.000', '2023-12-31 00:00:00.000')
INSERT GestionStock_FRSS.dbo.HistorialPrecios(ID, IDProducto, Precio, FechaDesde, FechaHasta) VALUES (58, 19, 2200.00, '2024-01-01 00:00:00.000', NULL)
INSERT GestionStock_FRSS.dbo.HistorialPrecios(ID, IDProducto, Precio, FechaDesde, FechaHasta) VALUES (59, 20, 3000.00, '2023-01-01 00:00:00.000', '2023-06-30 00:00:00.000')
INSERT GestionStock_FRSS.dbo.HistorialPrecios(ID, IDProducto, Precio, FechaDesde, FechaHasta) VALUES (60, 20, 3100.00, '2023-07-01 00:00:00.000', '2023-12-31 00:00:00.000')
INSERT GestionStock_FRSS.dbo.HistorialPrecios(ID, IDProducto, Precio, FechaDesde, FechaHasta) VALUES (61, 20, 3200.00, '2024-01-01 00:00:00.000', NULL)
GO
SET IDENTITY_INSERT GestionStock_FRSS.dbo.HistorialPrecios OFF
GO

SET IDENTITY_INSERT GestionStock_FRSS.dbo.Items ON
GO
INSERT GestionStock_FRSS.dbo.Items(ID, IDVenta, IDProducto, Cantidad, PrecioUnitario) VALUES (1, 1, 1, 1, 19000)
INSERT GestionStock_FRSS.dbo.Items(ID, IDVenta, IDProducto, Cantidad, PrecioUnitario) VALUES (2, 1, 5, 2, 8000)
INSERT GestionStock_FRSS.dbo.Items(ID, IDVenta, IDProducto, Cantidad, PrecioUnitario) VALUES (3, 1, 9, 1, 8999)
INSERT GestionStock_FRSS.dbo.Items(ID, IDVenta, IDProducto, Cantidad, PrecioUnitario) VALUES (4, 2, 2, 1, 13000)
INSERT GestionStock_FRSS.dbo.Items(ID, IDVenta, IDProducto, Cantidad, PrecioUnitario) VALUES (5, 2, 6, 1, 25500)
INSERT GestionStock_FRSS.dbo.Items(ID, IDVenta, IDProducto, Cantidad, PrecioUnitario) VALUES (6, 3, 3, 1, 24500)
INSERT GestionStock_FRSS.dbo.Items(ID, IDVenta, IDProducto, Cantidad, PrecioUnitario) VALUES (7, 3, 7, 1, 32999)
INSERT GestionStock_FRSS.dbo.Items(ID, IDVenta, IDProducto, Cantidad, PrecioUnitario) VALUES (8, 3, 10, 2, 13000)
INSERT GestionStock_FRSS.dbo.Items(ID, IDVenta, IDProducto, Cantidad, PrecioUnitario) VALUES (9, 4, 4, 1, 39000)
INSERT GestionStock_FRSS.dbo.Items(ID, IDVenta, IDProducto, Cantidad, PrecioUnitario) VALUES (10, 4, 8, 2, 14999)
INSERT GestionStock_FRSS.dbo.Items(ID, IDVenta, IDProducto, Cantidad, PrecioUnitario) VALUES (11, 5, 11, 1, 28000)
INSERT GestionStock_FRSS.dbo.Items(ID, IDVenta, IDProducto, Cantidad, PrecioUnitario) VALUES (12, 5, 12, 3, 5999)
INSERT GestionStock_FRSS.dbo.Items(ID, IDVenta, IDProducto, Cantidad, PrecioUnitario) VALUES (13, 5, 14, 5, 1799)
INSERT GestionStock_FRSS.dbo.Items(ID, IDVenta, IDProducto, Cantidad, PrecioUnitario) VALUES (14, 6, 13, 10, 2900)
INSERT GestionStock_FRSS.dbo.Items(ID, IDVenta, IDProducto, Cantidad, PrecioUnitario) VALUES (15, 6, 15, 3, 1399)
INSERT GestionStock_FRSS.dbo.Items(ID, IDVenta, IDProducto, Cantidad, PrecioUnitario) VALUES (17, 7, 1, 3, 19000)
INSERT GestionStock_FRSS.dbo.Items(ID, IDVenta, IDProducto, Cantidad, PrecioUnitario) VALUES (18, 7, 5, 1, 8000)
INSERT GestionStock_FRSS.dbo.Items(ID, IDVenta, IDProducto, Cantidad, PrecioUnitario) VALUES (19, 7, 9, 2, 8999)
INSERT GestionStock_FRSS.dbo.Items(ID, IDVenta, IDProducto, Cantidad, PrecioUnitario) VALUES (20, 8, 2, 1, 13000)
INSERT GestionStock_FRSS.dbo.Items(ID, IDVenta, IDProducto, Cantidad, PrecioUnitario) VALUES (21, 8, 6, 4, 25500)
INSERT GestionStock_FRSS.dbo.Items(ID, IDVenta, IDProducto, Cantidad, PrecioUnitario) VALUES (22, 8, 10, 2, 13000)
INSERT GestionStock_FRSS.dbo.Items(ID, IDVenta, IDProducto, Cantidad, PrecioUnitario) VALUES (23, 8, 3, 1, 24500)
INSERT GestionStock_FRSS.dbo.Items(ID, IDVenta, IDProducto, Cantidad, PrecioUnitario) VALUES (24, 9, 4, 1, 39000)
INSERT GestionStock_FRSS.dbo.Items(ID, IDVenta, IDProducto, Cantidad, PrecioUnitario) VALUES (25, 9, 8, 3, 14999)
INSERT GestionStock_FRSS.dbo.Items(ID, IDVenta, IDProducto, Cantidad, PrecioUnitario) VALUES (26, 9, 11, 1, 28000)
INSERT GestionStock_FRSS.dbo.Items(ID, IDVenta, IDProducto, Cantidad, PrecioUnitario) VALUES (27, 10, 12, 2, 5999)
INSERT GestionStock_FRSS.dbo.Items(ID, IDVenta, IDProducto, Cantidad, PrecioUnitario) VALUES (28, 10, 14, 5, 1799)
INSERT GestionStock_FRSS.dbo.Items(ID, IDVenta, IDProducto, Cantidad, PrecioUnitario) VALUES (29, 10, 13, 7, 2900)
INSERT GestionStock_FRSS.dbo.Items(ID, IDVenta, IDProducto, Cantidad, PrecioUnitario) VALUES (30, 11, 1, 4, 19000)
INSERT GestionStock_FRSS.dbo.Items(ID, IDVenta, IDProducto, Cantidad, PrecioUnitario) VALUES (31, 11, 7, 2, 32999)
INSERT GestionStock_FRSS.dbo.Items(ID, IDVenta, IDProducto, Cantidad, PrecioUnitario) VALUES (32, 11, 15, 1, 1399)
INSERT GestionStock_FRSS.dbo.Items(ID, IDVenta, IDProducto, Cantidad, PrecioUnitario) VALUES (33, 12, 3, 1, 24500)
INSERT GestionStock_FRSS.dbo.Items(ID, IDVenta, IDProducto, Cantidad, PrecioUnitario) VALUES (34, 12, 9, 2, 8999)
INSERT GestionStock_FRSS.dbo.Items(ID, IDVenta, IDProducto, Cantidad, PrecioUnitario) VALUES (35, 12, 12, 4, 5999)
INSERT GestionStock_FRSS.dbo.Items(ID, IDVenta, IDProducto, Cantidad, PrecioUnitario) VALUES (36, 12, 13, 2, 2900)
INSERT GestionStock_FRSS.dbo.Items(ID, IDVenta, IDProducto, Cantidad, PrecioUnitario) VALUES (37, 13, 2, 3, 13000)
INSERT GestionStock_FRSS.dbo.Items(ID, IDVenta, IDProducto, Cantidad, PrecioUnitario) VALUES (38, 13, 4, 1, 39000)
INSERT GestionStock_FRSS.dbo.Items(ID, IDVenta, IDProducto, Cantidad, PrecioUnitario) VALUES (39, 13, 6, 2, 25500)
INSERT GestionStock_FRSS.dbo.Items(ID, IDVenta, IDProducto, Cantidad, PrecioUnitario) VALUES (40, 14, 5, 2, 8000)
INSERT GestionStock_FRSS.dbo.Items(ID, IDVenta, IDProducto, Cantidad, PrecioUnitario) VALUES (41, 14, 8, 3, 14999)
INSERT GestionStock_FRSS.dbo.Items(ID, IDVenta, IDProducto, Cantidad, PrecioUnitario) VALUES (42, 14, 10, 1, 13000)
INSERT GestionStock_FRSS.dbo.Items(ID, IDVenta, IDProducto, Cantidad, PrecioUnitario) VALUES (43, 14, 14, 4, 1799)
INSERT GestionStock_FRSS.dbo.Items(ID, IDVenta, IDProducto, Cantidad, PrecioUnitario) VALUES (44, 15, 1, 2, 19000)
INSERT GestionStock_FRSS.dbo.Items(ID, IDVenta, IDProducto, Cantidad, PrecioUnitario) VALUES (45, 15, 6, 1, 25500)
INSERT GestionStock_FRSS.dbo.Items(ID, IDVenta, IDProducto, Cantidad, PrecioUnitario) VALUES (46, 15, 12, 3, 5999)
INSERT GestionStock_FRSS.dbo.Items(ID, IDVenta, IDProducto, Cantidad, PrecioUnitario) VALUES (47, 16, 3, 2, 24500)
INSERT GestionStock_FRSS.dbo.Items(ID, IDVenta, IDProducto, Cantidad, PrecioUnitario) VALUES (48, 16, 7, 1, 32999)
INSERT GestionStock_FRSS.dbo.Items(ID, IDVenta, IDProducto, Cantidad, PrecioUnitario) VALUES (49, 16, 9, 4, 8999)
INSERT GestionStock_FRSS.dbo.Items(ID, IDVenta, IDProducto, Cantidad, PrecioUnitario) VALUES (50, 17, 4, 1, 39000)
INSERT GestionStock_FRSS.dbo.Items(ID, IDVenta, IDProducto, Cantidad, PrecioUnitario) VALUES (51, 17, 11, 2, 28000)
INSERT GestionStock_FRSS.dbo.Items(ID, IDVenta, IDProducto, Cantidad, PrecioUnitario) VALUES (52, 17, 15, 3, 1399)
INSERT GestionStock_FRSS.dbo.Items(ID, IDVenta, IDProducto, Cantidad, PrecioUnitario) VALUES (53, 18, 2, 2, 13000)
INSERT GestionStock_FRSS.dbo.Items(ID, IDVenta, IDProducto, Cantidad, PrecioUnitario) VALUES (54, 18, 8, 3, 14999)
INSERT GestionStock_FRSS.dbo.Items(ID, IDVenta, IDProducto, Cantidad, PrecioUnitario) VALUES (55, 18, 13, 5, 2900)
INSERT GestionStock_FRSS.dbo.Items(ID, IDVenta, IDProducto, Cantidad, PrecioUnitario) VALUES (56, 19, 1, 1, 19000)
INSERT GestionStock_FRSS.dbo.Items(ID, IDVenta, IDProducto, Cantidad, PrecioUnitario) VALUES (57, 19, 6, 4, 25500)
INSERT GestionStock_FRSS.dbo.Items(ID, IDVenta, IDProducto, Cantidad, PrecioUnitario) VALUES (58, 19, 14, 3, 1799)
INSERT GestionStock_FRSS.dbo.Items(ID, IDVenta, IDProducto, Cantidad, PrecioUnitario) VALUES (59, 20, 3, 5, 24500)
INSERT GestionStock_FRSS.dbo.Items(ID, IDVenta, IDProducto, Cantidad, PrecioUnitario) VALUES (60, 20, 9, 1, 8999)
INSERT GestionStock_FRSS.dbo.Items(ID, IDVenta, IDProducto, Cantidad, PrecioUnitario) VALUES (61, 20, 12, 3, 5999)
INSERT GestionStock_FRSS.dbo.Items(ID, IDVenta, IDProducto, Cantidad, PrecioUnitario) VALUES (62, 21, 5, 2, 8000)
INSERT GestionStock_FRSS.dbo.Items(ID, IDVenta, IDProducto, Cantidad, PrecioUnitario) VALUES (63, 21, 10, 1, 13000)
INSERT GestionStock_FRSS.dbo.Items(ID, IDVenta, IDProducto, Cantidad, PrecioUnitario) VALUES (64, 21, 15, 4, 1399)
INSERT GestionStock_FRSS.dbo.Items(ID, IDVenta, IDProducto, Cantidad, PrecioUnitario) VALUES (65, 22, 1, 3, 19000)
INSERT GestionStock_FRSS.dbo.Items(ID, IDVenta, IDProducto, Cantidad, PrecioUnitario) VALUES (66, 22, 7, 2, 32999)
INSERT GestionStock_FRSS.dbo.Items(ID, IDVenta, IDProducto, Cantidad, PrecioUnitario) VALUES (67, 22, 12, 5, 5999)
INSERT GestionStock_FRSS.dbo.Items(ID, IDVenta, IDProducto, Cantidad, PrecioUnitario) VALUES (68, 23, 4, 1, 39000)
INSERT GestionStock_FRSS.dbo.Items(ID, IDVenta, IDProducto, Cantidad, PrecioUnitario) VALUES (69, 23, 6, 2, 25500)
INSERT GestionStock_FRSS.dbo.Items(ID, IDVenta, IDProducto, Cantidad, PrecioUnitario) VALUES (70, 23, 13, 3, 2900)
INSERT GestionStock_FRSS.dbo.Items(ID, IDVenta, IDProducto, Cantidad, PrecioUnitario) VALUES (71, 24, 2, 4, 13000)
INSERT GestionStock_FRSS.dbo.Items(ID, IDVenta, IDProducto, Cantidad, PrecioUnitario) VALUES (72, 24, 3, 1, 24500)
INSERT GestionStock_FRSS.dbo.Items(ID, IDVenta, IDProducto, Cantidad, PrecioUnitario) VALUES (73, 24, 8, 3, 14999)
INSERT GestionStock_FRSS.dbo.Items(ID, IDVenta, IDProducto, Cantidad, PrecioUnitario) VALUES (74, 25, 1, 2, 19000)
INSERT GestionStock_FRSS.dbo.Items(ID, IDVenta, IDProducto, Cantidad, PrecioUnitario) VALUES (75, 25, 12, 4, 5999)
INSERT GestionStock_FRSS.dbo.Items(ID, IDVenta, IDProducto, Cantidad, PrecioUnitario) VALUES (76, 25, 14, 5, 1799)
INSERT GestionStock_FRSS.dbo.Items(ID, IDVenta, IDProducto, Cantidad, PrecioUnitario) VALUES (77, 26, 3, 1, 24500)
INSERT GestionStock_FRSS.dbo.Items(ID, IDVenta, IDProducto, Cantidad, PrecioUnitario) VALUES (78, 26, 6, 2, 25500)
INSERT GestionStock_FRSS.dbo.Items(ID, IDVenta, IDProducto, Cantidad, PrecioUnitario) VALUES (79, 26, 9, 3, 8999)
INSERT GestionStock_FRSS.dbo.Items(ID, IDVenta, IDProducto, Cantidad, PrecioUnitario) VALUES (80, 27, 4, 1, 39000)
INSERT GestionStock_FRSS.dbo.Items(ID, IDVenta, IDProducto, Cantidad, PrecioUnitario) VALUES (81, 27, 7, 2, 32999)
INSERT GestionStock_FRSS.dbo.Items(ID, IDVenta, IDProducto, Cantidad, PrecioUnitario) VALUES (82, 27, 13, 3, 2900)
INSERT GestionStock_FRSS.dbo.Items(ID, IDVenta, IDProducto, Cantidad, PrecioUnitario) VALUES (83, 28, 2, 3, 13000)
INSERT GestionStock_FRSS.dbo.Items(ID, IDVenta, IDProducto, Cantidad, PrecioUnitario) VALUES (84, 28, 5, 1, 8000)
INSERT GestionStock_FRSS.dbo.Items(ID, IDVenta, IDProducto, Cantidad, PrecioUnitario) VALUES (85, 28, 12, 4, 5999)
INSERT GestionStock_FRSS.dbo.Items(ID, IDVenta, IDProducto, Cantidad, PrecioUnitario) VALUES (86, 29, 1, 1, 19000)
INSERT GestionStock_FRSS.dbo.Items(ID, IDVenta, IDProducto, Cantidad, PrecioUnitario) VALUES (87, 29, 8, 3, 14999)
INSERT GestionStock_FRSS.dbo.Items(ID, IDVenta, IDProducto, Cantidad, PrecioUnitario) VALUES (88, 29, 15, 5, 1399)
INSERT GestionStock_FRSS.dbo.Items(ID, IDVenta, IDProducto, Cantidad, PrecioUnitario) VALUES (89, 30, 3, 4, 24500)
INSERT GestionStock_FRSS.dbo.Items(ID, IDVenta, IDProducto, Cantidad, PrecioUnitario) VALUES (90, 30, 9, 2, 8999)
INSERT GestionStock_FRSS.dbo.Items(ID, IDVenta, IDProducto, Cantidad, PrecioUnitario) VALUES (91, 30, 11, 1, 28000)
INSERT GestionStock_FRSS.dbo.Items(ID, IDVenta, IDProducto, Cantidad, PrecioUnitario) VALUES (92, 31, 5, 1, 8000)
INSERT GestionStock_FRSS.dbo.Items(ID, IDVenta, IDProducto, Cantidad, PrecioUnitario) VALUES (93, 31, 7, 2, 32999)
INSERT GestionStock_FRSS.dbo.Items(ID, IDVenta, IDProducto, Cantidad, PrecioUnitario) VALUES (94, 31, 12, 5, 5999)
INSERT GestionStock_FRSS.dbo.Items(ID, IDVenta, IDProducto, Cantidad, PrecioUnitario) VALUES (95, 32, 2, 3, 13000)
INSERT GestionStock_FRSS.dbo.Items(ID, IDVenta, IDProducto, Cantidad, PrecioUnitario) VALUES (96, 32, 4, 1, 39000)
INSERT GestionStock_FRSS.dbo.Items(ID, IDVenta, IDProducto, Cantidad, PrecioUnitario) VALUES (97, 32, 14, 4, 1799)
INSERT GestionStock_FRSS.dbo.Items(ID, IDVenta, IDProducto, Cantidad, PrecioUnitario) VALUES (98, 33, 1, 2, 19000)
GO
SET IDENTITY_INSERT GestionStock_FRSS.dbo.Items OFF
GO

SET IDENTITY_INSERT GestionStock_FRSS.dbo.MovimientosStock ON
GO
INSERT GestionStock_FRSS.dbo.MovimientosStock(ID, IDProducto, TipoMovimiento, Cantidad, Fecha, Motivo) VALUES (1, 7, 'Egreso', 2, '2025-11-12 03:06:27.407', 'Venta (Items)')
INSERT GestionStock_FRSS.dbo.MovimientosStock(ID, IDProducto, TipoMovimiento, Cantidad, Fecha, Motivo) VALUES (2, 6, 'Egreso', 1, '2025-11-12 03:06:27.407', 'Venta (Items)')
INSERT GestionStock_FRSS.dbo.MovimientosStock(ID, IDProducto, TipoMovimiento, Cantidad, Fecha, Motivo) VALUES (3, 1, 'Egreso', 1, '2025-11-12 03:06:27.407', 'Venta (Items)')
INSERT GestionStock_FRSS.dbo.MovimientosStock(ID, IDProducto, TipoMovimiento, Cantidad, Fecha, Motivo) VALUES (4, 20, 'Egreso', 3, '2025-11-12 03:06:27.407', 'Venta (Items)')
INSERT GestionStock_FRSS.dbo.MovimientosStock(ID, IDProducto, TipoMovimiento, Cantidad, Fecha, Motivo) VALUES (5, 19, 'Egreso', 4, '2025-11-12 03:06:27.407', 'Venta (Items)')
INSERT GestionStock_FRSS.dbo.MovimientosStock(ID, IDProducto, TipoMovimiento, Cantidad, Fecha, Motivo) VALUES (6, 18, 'Egreso', 1, '2025-11-12 03:06:27.407', 'Venta (Items)')
INSERT GestionStock_FRSS.dbo.MovimientosStock(ID, IDProducto, TipoMovimiento, Cantidad, Fecha, Motivo) VALUES (7, 17, 'Egreso', 2, '2025-11-12 03:06:27.407', 'Venta (Items)')
INSERT GestionStock_FRSS.dbo.MovimientosStock(ID, IDProducto, TipoMovimiento, Cantidad, Fecha, Motivo) VALUES (8, 16, 'Egreso', 5, '2025-11-12 03:06:27.407', 'Venta (Items)')
INSERT GestionStock_FRSS.dbo.MovimientosStock(ID, IDProducto, TipoMovimiento, Cantidad, Fecha, Motivo) VALUES (9, 15, 'Egreso', 3, '2025-11-12 03:06:27.407', 'Venta (Items)')
INSERT GestionStock_FRSS.dbo.MovimientosStock(ID, IDProducto, TipoMovimiento, Cantidad, Fecha, Motivo) VALUES (10, 13, 'Egreso', 10, '2025-11-12 03:06:27.407', 'Venta (Items)')
INSERT GestionStock_FRSS.dbo.MovimientosStock(ID, IDProducto, TipoMovimiento, Cantidad, Fecha, Motivo) VALUES (11, 14, 'Egreso', 5, '2025-11-12 03:06:27.407', 'Venta (Items)')
INSERT GestionStock_FRSS.dbo.MovimientosStock(ID, IDProducto, TipoMovimiento, Cantidad, Fecha, Motivo) VALUES (12, 12, 'Egreso', 3, '2025-11-12 03:06:27.407', 'Venta (Items)')
INSERT GestionStock_FRSS.dbo.MovimientosStock(ID, IDProducto, TipoMovimiento, Cantidad, Fecha, Motivo) VALUES (13, 11, 'Egreso', 1, '2025-11-12 03:06:27.407', 'Venta (Items)')
INSERT GestionStock_FRSS.dbo.MovimientosStock(ID, IDProducto, TipoMovimiento, Cantidad, Fecha, Motivo) VALUES (14, 8, 'Egreso', 2, '2025-11-12 03:06:27.407', 'Venta (Items)')
INSERT GestionStock_FRSS.dbo.MovimientosStock(ID, IDProducto, TipoMovimiento, Cantidad, Fecha, Motivo) VALUES (15, 4, 'Egreso', 1, '2025-11-12 03:06:27.407', 'Venta (Items)')
INSERT GestionStock_FRSS.dbo.MovimientosStock(ID, IDProducto, TipoMovimiento, Cantidad, Fecha, Motivo) VALUES (16, 10, 'Egreso', 2, '2025-11-12 03:06:27.407', 'Venta (Items)')
INSERT GestionStock_FRSS.dbo.MovimientosStock(ID, IDProducto, TipoMovimiento, Cantidad, Fecha, Motivo) VALUES (17, 7, 'Egreso', 1, '2025-11-12 03:06:27.407', 'Venta (Items)')
INSERT GestionStock_FRSS.dbo.MovimientosStock(ID, IDProducto, TipoMovimiento, Cantidad, Fecha, Motivo) VALUES (18, 3, 'Egreso', 1, '2025-11-12 03:06:27.407', 'Venta (Items)')
INSERT GestionStock_FRSS.dbo.MovimientosStock(ID, IDProducto, TipoMovimiento, Cantidad, Fecha, Motivo) VALUES (19, 6, 'Egreso', 1, '2025-11-12 03:06:27.407', 'Venta (Items)')
INSERT GestionStock_FRSS.dbo.MovimientosStock(ID, IDProducto, TipoMovimiento, Cantidad, Fecha, Motivo) VALUES (20, 2, 'Egreso', 1, '2025-11-12 03:06:27.407', 'Venta (Items)')
INSERT GestionStock_FRSS.dbo.MovimientosStock(ID, IDProducto, TipoMovimiento, Cantidad, Fecha, Motivo) VALUES (21, 9, 'Egreso', 1, '2025-11-12 03:06:27.407', 'Venta (Items)')
INSERT GestionStock_FRSS.dbo.MovimientosStock(ID, IDProducto, TipoMovimiento, Cantidad, Fecha, Motivo) VALUES (22, 5, 'Egreso', 2, '2025-11-12 03:06:27.407', 'Venta (Items)')
INSERT GestionStock_FRSS.dbo.MovimientosStock(ID, IDProducto, TipoMovimiento, Cantidad, Fecha, Motivo) VALUES (23, 1, 'Egreso', 1, '2025-11-12 03:06:27.407', 'Venta (Items)')
INSERT GestionStock_FRSS.dbo.MovimientosStock(ID, IDProducto, TipoMovimiento, Cantidad, Fecha, Motivo) VALUES (24, 7, 'Egreso', 2, '2025-11-12 03:11:22.513', 'Venta (Items)')
INSERT GestionStock_FRSS.dbo.MovimientosStock(ID, IDProducto, TipoMovimiento, Cantidad, Fecha, Motivo) VALUES (25, 6, 'Egreso', 1, '2025-11-12 03:11:22.513', 'Venta (Items)')
INSERT GestionStock_FRSS.dbo.MovimientosStock(ID, IDProducto, TipoMovimiento, Cantidad, Fecha, Motivo) VALUES (26, 1, 'Egreso', 1, '2025-11-12 03:11:22.513', 'Venta (Items)')
INSERT GestionStock_FRSS.dbo.MovimientosStock(ID, IDProducto, TipoMovimiento, Cantidad, Fecha, Motivo) VALUES (27, 20, 'Egreso', 3, '2025-11-12 03:11:22.513', 'Venta (Items)')
INSERT GestionStock_FRSS.dbo.MovimientosStock(ID, IDProducto, TipoMovimiento, Cantidad, Fecha, Motivo) VALUES (28, 19, 'Egreso', 4, '2025-11-12 03:11:22.513', 'Venta (Items)')
INSERT GestionStock_FRSS.dbo.MovimientosStock(ID, IDProducto, TipoMovimiento, Cantidad, Fecha, Motivo) VALUES (29, 18, 'Egreso', 1, '2025-11-12 03:11:22.513', 'Venta (Items)')
INSERT GestionStock_FRSS.dbo.MovimientosStock(ID, IDProducto, TipoMovimiento, Cantidad, Fecha, Motivo) VALUES (30, 17, 'Egreso', 2, '2025-11-12 03:11:22.513', 'Venta (Items)')
INSERT GestionStock_FRSS.dbo.MovimientosStock(ID, IDProducto, TipoMovimiento, Cantidad, Fecha, Motivo) VALUES (31, 16, 'Egreso', 5, '2025-11-12 03:11:22.513', 'Venta (Items)')
INSERT GestionStock_FRSS.dbo.MovimientosStock(ID, IDProducto, TipoMovimiento, Cantidad, Fecha, Motivo) VALUES (32, 15, 'Egreso', 3, '2025-11-12 03:11:22.513', 'Venta (Items)')
INSERT GestionStock_FRSS.dbo.MovimientosStock(ID, IDProducto, TipoMovimiento, Cantidad, Fecha, Motivo) VALUES (33, 13, 'Egreso', 10, '2025-11-12 03:11:22.513', 'Venta (Items)')
INSERT GestionStock_FRSS.dbo.MovimientosStock(ID, IDProducto, TipoMovimiento, Cantidad, Fecha, Motivo) VALUES (34, 14, 'Egreso', 5, '2025-11-12 03:11:22.513', 'Venta (Items)')
INSERT GestionStock_FRSS.dbo.MovimientosStock(ID, IDProducto, TipoMovimiento, Cantidad, Fecha, Motivo) VALUES (35, 12, 'Egreso', 3, '2025-11-12 03:11:22.513', 'Venta (Items)')
INSERT GestionStock_FRSS.dbo.MovimientosStock(ID, IDProducto, TipoMovimiento, Cantidad, Fecha, Motivo) VALUES (36, 11, 'Egreso', 1, '2025-11-12 03:11:22.513', 'Venta (Items)')
INSERT GestionStock_FRSS.dbo.MovimientosStock(ID, IDProducto, TipoMovimiento, Cantidad, Fecha, Motivo) VALUES (37, 8, 'Egreso', 2, '2025-11-12 03:11:22.513', 'Venta (Items)')
INSERT GestionStock_FRSS.dbo.MovimientosStock(ID, IDProducto, TipoMovimiento, Cantidad, Fecha, Motivo) VALUES (38, 4, 'Egreso', 1, '2025-11-12 03:11:22.513', 'Venta (Items)')
INSERT GestionStock_FRSS.dbo.MovimientosStock(ID, IDProducto, TipoMovimiento, Cantidad, Fecha, Motivo) VALUES (39, 10, 'Egreso', 2, '2025-11-12 03:11:22.513', 'Venta (Items)')
INSERT GestionStock_FRSS.dbo.MovimientosStock(ID, IDProducto, TipoMovimiento, Cantidad, Fecha, Motivo) VALUES (40, 7, 'Egreso', 1, '2025-11-12 03:11:22.513', 'Venta (Items)')
INSERT GestionStock_FRSS.dbo.MovimientosStock(ID, IDProducto, TipoMovimiento, Cantidad, Fecha, Motivo) VALUES (41, 3, 'Egreso', 1, '2025-11-12 03:11:22.513', 'Venta (Items)')
INSERT GestionStock_FRSS.dbo.MovimientosStock(ID, IDProducto, TipoMovimiento, Cantidad, Fecha, Motivo) VALUES (42, 6, 'Egreso', 1, '2025-11-12 03:11:22.513', 'Venta (Items)')
INSERT GestionStock_FRSS.dbo.MovimientosStock(ID, IDProducto, TipoMovimiento, Cantidad, Fecha, Motivo) VALUES (43, 2, 'Egreso', 1, '2025-11-12 03:11:22.513', 'Venta (Items)')
INSERT GestionStock_FRSS.dbo.MovimientosStock(ID, IDProducto, TipoMovimiento, Cantidad, Fecha, Motivo) VALUES (44, 9, 'Egreso', 1, '2025-11-12 03:11:22.513', 'Venta (Items)')
INSERT GestionStock_FRSS.dbo.MovimientosStock(ID, IDProducto, TipoMovimiento, Cantidad, Fecha, Motivo) VALUES (45, 5, 'Egreso', 2, '2025-11-12 03:11:22.513', 'Venta (Items)')
INSERT GestionStock_FRSS.dbo.MovimientosStock(ID, IDProducto, TipoMovimiento, Cantidad, Fecha, Motivo) VALUES (46, 1, 'Egreso', 1, '2025-11-12 03:11:22.513', 'Venta (Items)')
INSERT GestionStock_FRSS.dbo.MovimientosStock(ID, IDProducto, TipoMovimiento, Cantidad, Fecha, Motivo) VALUES (47, 15, 'Egreso', 3, '2025-11-12 03:14:15.417', 'Venta (Items)')
INSERT GestionStock_FRSS.dbo.MovimientosStock(ID, IDProducto, TipoMovimiento, Cantidad, Fecha, Motivo) VALUES (48, 13, 'Egreso', 10, '2025-11-12 03:14:15.417', 'Venta (Items)')
INSERT GestionStock_FRSS.dbo.MovimientosStock(ID, IDProducto, TipoMovimiento, Cantidad, Fecha, Motivo) VALUES (49, 14, 'Egreso', 5, '2025-11-12 03:14:15.417', 'Venta (Items)')
INSERT GestionStock_FRSS.dbo.MovimientosStock(ID, IDProducto, TipoMovimiento, Cantidad, Fecha, Motivo) VALUES (50, 12, 'Egreso', 3, '2025-11-12 03:14:15.417', 'Venta (Items)')
INSERT GestionStock_FRSS.dbo.MovimientosStock(ID, IDProducto, TipoMovimiento, Cantidad, Fecha, Motivo) VALUES (51, 11, 'Egreso', 1, '2025-11-12 03:14:15.417', 'Venta (Items)')
INSERT GestionStock_FRSS.dbo.MovimientosStock(ID, IDProducto, TipoMovimiento, Cantidad, Fecha, Motivo) VALUES (52, 8, 'Egreso', 2, '2025-11-12 03:14:15.417', 'Venta (Items)')
INSERT GestionStock_FRSS.dbo.MovimientosStock(ID, IDProducto, TipoMovimiento, Cantidad, Fecha, Motivo) VALUES (53, 4, 'Egreso', 1, '2025-11-12 03:14:15.417', 'Venta (Items)')
INSERT GestionStock_FRSS.dbo.MovimientosStock(ID, IDProducto, TipoMovimiento, Cantidad, Fecha, Motivo) VALUES (54, 10, 'Egreso', 2, '2025-11-12 03:14:15.417', 'Venta (Items)')
INSERT GestionStock_FRSS.dbo.MovimientosStock(ID, IDProducto, TipoMovimiento, Cantidad, Fecha, Motivo) VALUES (55, 7, 'Egreso', 1, '2025-11-12 03:14:15.417', 'Venta (Items)')
INSERT GestionStock_FRSS.dbo.MovimientosStock(ID, IDProducto, TipoMovimiento, Cantidad, Fecha, Motivo) VALUES (56, 3, 'Egreso', 1, '2025-11-12 03:14:15.417', 'Venta (Items)')
INSERT GestionStock_FRSS.dbo.MovimientosStock(ID, IDProducto, TipoMovimiento, Cantidad, Fecha, Motivo) VALUES (57, 6, 'Egreso', 1, '2025-11-12 03:14:15.417', 'Venta (Items)')
INSERT GestionStock_FRSS.dbo.MovimientosStock(ID, IDProducto, TipoMovimiento, Cantidad, Fecha, Motivo) VALUES (58, 2, 'Egreso', 1, '2025-11-12 03:14:15.417', 'Venta (Items)')
INSERT GestionStock_FRSS.dbo.MovimientosStock(ID, IDProducto, TipoMovimiento, Cantidad, Fecha, Motivo) VALUES (59, 9, 'Egreso', 1, '2025-11-12 03:14:15.417', 'Venta (Items)')
INSERT GestionStock_FRSS.dbo.MovimientosStock(ID, IDProducto, TipoMovimiento, Cantidad, Fecha, Motivo) VALUES (60, 5, 'Egreso', 2, '2025-11-12 03:14:15.417', 'Venta (Items)')
INSERT GestionStock_FRSS.dbo.MovimientosStock(ID, IDProducto, TipoMovimiento, Cantidad, Fecha, Motivo) VALUES (61, 1, 'Egreso', 1, '2025-11-12 03:14:15.417', 'Venta (Items)')
INSERT GestionStock_FRSS.dbo.MovimientosStock(ID, IDProducto, TipoMovimiento, Cantidad, Fecha, Motivo) VALUES (62, 1, 'Ingreso', 35, '2025-01-10 00:00:00.000', 'Stock inicial')
INSERT GestionStock_FRSS.dbo.MovimientosStock(ID, IDProducto, TipoMovimiento, Cantidad, Fecha, Motivo) VALUES (63, 2, 'Ingreso', 40, '2025-01-10 00:00:00.000', 'Stock inicial')
INSERT GestionStock_FRSS.dbo.MovimientosStock(ID, IDProducto, TipoMovimiento, Cantidad, Fecha, Motivo) VALUES (64, 3, 'Ingreso', 25, '2025-01-10 00:00:00.000', 'Stock inicial')
INSERT GestionStock_FRSS.dbo.MovimientosStock(ID, IDProducto, TipoMovimiento, Cantidad, Fecha, Motivo) VALUES (65, 4, 'Ingreso', 15, '2025-01-10 00:00:00.000', 'Stock inicial')
INSERT GestionStock_FRSS.dbo.MovimientosStock(ID, IDProducto, TipoMovimiento, Cantidad, Fecha, Motivo) VALUES (66, 5, 'Ingreso', 60, '2025-01-10 00:00:00.000', 'Stock inicial')
INSERT GestionStock_FRSS.dbo.MovimientosStock(ID, IDProducto, TipoMovimiento, Cantidad, Fecha, Motivo) VALUES (67, 6, 'Ingreso', 20, '2025-01-10 00:00:00.000', 'Stock inicial')
INSERT GestionStock_FRSS.dbo.MovimientosStock(ID, IDProducto, TipoMovimiento, Cantidad, Fecha, Motivo) VALUES (68, 7, 'Ingreso', 30, '2025-01-10 00:00:00.000', 'Stock inicial')
INSERT GestionStock_FRSS.dbo.MovimientosStock(ID, IDProducto, TipoMovimiento, Cantidad, Fecha, Motivo) VALUES (69, 8, 'Ingreso', 45, '2025-01-10 00:00:00.000', 'Stock inicial')
INSERT GestionStock_FRSS.dbo.MovimientosStock(ID, IDProducto, TipoMovimiento, Cantidad, Fecha, Motivo) VALUES (70, 9, 'Ingreso', 50, '2025-01-10 00:00:00.000', 'Stock inicial')
INSERT GestionStock_FRSS.dbo.MovimientosStock(ID, IDProducto, TipoMovimiento, Cantidad, Fecha, Motivo) VALUES (71, 10, 'Ingreso', 25, '2025-01-10 00:00:00.000', 'Stock inicial')
INSERT GestionStock_FRSS.dbo.MovimientosStock(ID, IDProducto, TipoMovimiento, Cantidad, Fecha, Motivo) VALUES (72, 11, 'Ingreso', 18, '2025-01-10 00:00:00.000', 'Stock inicial')
INSERT GestionStock_FRSS.dbo.MovimientosStock(ID, IDProducto, TipoMovimiento, Cantidad, Fecha, Motivo) VALUES (73, 12, 'Ingreso', 70, '2025-01-10 00:00:00.000', 'Stock inicial')
INSERT GestionStock_FRSS.dbo.MovimientosStock(ID, IDProducto, TipoMovimiento, Cantidad, Fecha, Motivo) VALUES (74, 13, 'Ingreso', 120, '2025-01-10 00:00:00.000', 'Stock inicial')
INSERT GestionStock_FRSS.dbo.MovimientosStock(ID, IDProducto, TipoMovimiento, Cantidad, Fecha, Motivo) VALUES (75, 14, 'Ingreso', 200, '2025-01-10 00:00:00.000', 'Stock inicial')
INSERT GestionStock_FRSS.dbo.MovimientosStock(ID, IDProducto, TipoMovimiento, Cantidad, Fecha, Motivo) VALUES (76, 15, 'Ingreso', 150, '2025-01-10 00:00:00.000', 'Stock inicial')
INSERT GestionStock_FRSS.dbo.MovimientosStock(ID, IDProducto, TipoMovimiento, Cantidad, Fecha, Motivo) VALUES (77, 16, 'Ingreso', 90, '2025-01-10 00:00:00.000', 'Stock inicial')
INSERT GestionStock_FRSS.dbo.MovimientosStock(ID, IDProducto, TipoMovimiento, Cantidad, Fecha, Motivo) VALUES (78, 17, 'Ingreso', 140, '2025-01-10 00:00:00.000', 'Stock inicial')
INSERT GestionStock_FRSS.dbo.MovimientosStock(ID, IDProducto, TipoMovimiento, Cantidad, Fecha, Motivo) VALUES (79, 18, 'Ingreso', 180, '2025-01-10 00:00:00.000', 'Stock inicial')
INSERT GestionStock_FRSS.dbo.MovimientosStock(ID, IDProducto, TipoMovimiento, Cantidad, Fecha, Motivo) VALUES (80, 19, 'Ingreso', 85, '2025-01-10 00:00:00.000', 'Stock inicial')
INSERT GestionStock_FRSS.dbo.MovimientosStock(ID, IDProducto, TipoMovimiento, Cantidad, Fecha, Motivo) VALUES (81, 20, 'Ingreso', 100, '2025-01-10 00:00:00.000', 'Stock inicial')
INSERT GestionStock_FRSS.dbo.MovimientosStock(ID, IDProducto, TipoMovimiento, Cantidad, Fecha, Motivo) VALUES (82, 1, 'Egreso', 1, '2025-06-11 00:00:00.000', 'Venta ID 1')
INSERT GestionStock_FRSS.dbo.MovimientosStock(ID, IDProducto, TipoMovimiento, Cantidad, Fecha, Motivo) VALUES (83, 5, 'Egreso', 2, '2025-06-11 00:00:00.000', 'Venta ID 1')
INSERT GestionStock_FRSS.dbo.MovimientosStock(ID, IDProducto, TipoMovimiento, Cantidad, Fecha, Motivo) VALUES (84, 9, 'Egreso', 1, '2025-06-11 00:00:00.000', 'Venta ID 1')
INSERT GestionStock_FRSS.dbo.MovimientosStock(ID, IDProducto, TipoMovimiento, Cantidad, Fecha, Motivo) VALUES (85, 2, 'Egreso', 1, '2025-06-11 00:00:00.000', 'Venta ID 2')
INSERT GestionStock_FRSS.dbo.MovimientosStock(ID, IDProducto, TipoMovimiento, Cantidad, Fecha, Motivo) VALUES (86, 6, 'Egreso', 1, '2025-06-11 00:00:00.000', 'Venta ID 2')
INSERT GestionStock_FRSS.dbo.MovimientosStock(ID, IDProducto, TipoMovimiento, Cantidad, Fecha, Motivo) VALUES (87, 3, 'Egreso', 1, '2025-06-11 00:00:00.000', 'Venta ID 3')
INSERT GestionStock_FRSS.dbo.MovimientosStock(ID, IDProducto, TipoMovimiento, Cantidad, Fecha, Motivo) VALUES (88, 7, 'Egreso', 1, '2025-06-11 00:00:00.000', 'Venta ID 3')
INSERT GestionStock_FRSS.dbo.MovimientosStock(ID, IDProducto, TipoMovimiento, Cantidad, Fecha, Motivo) VALUES (89, 10, 'Egreso', 2, '2025-06-11 00:00:00.000', 'Venta ID 3')
INSERT GestionStock_FRSS.dbo.MovimientosStock(ID, IDProducto, TipoMovimiento, Cantidad, Fecha, Motivo) VALUES (90, 4, 'Egreso', 1, '2025-06-11 00:00:00.000', 'Venta ID 4')
INSERT GestionStock_FRSS.dbo.MovimientosStock(ID, IDProducto, TipoMovimiento, Cantidad, Fecha, Motivo) VALUES (91, 8, 'Egreso', 2, '2025-06-11 00:00:00.000', 'Venta ID 4')
INSERT GestionStock_FRSS.dbo.MovimientosStock(ID, IDProducto, TipoMovimiento, Cantidad, Fecha, Motivo) VALUES (92, 11, 'Egreso', 1, '2025-06-11 00:00:00.000', 'Venta ID 5')
INSERT GestionStock_FRSS.dbo.MovimientosStock(ID, IDProducto, TipoMovimiento, Cantidad, Fecha, Motivo) VALUES (93, 12, 'Egreso', 3, '2025-06-11 00:00:00.000', 'Venta ID 5')
INSERT GestionStock_FRSS.dbo.MovimientosStock(ID, IDProducto, TipoMovimiento, Cantidad, Fecha, Motivo) VALUES (94, 14, 'Egreso', 5, '2025-06-11 00:00:00.000', 'Venta ID 5')
INSERT GestionStock_FRSS.dbo.MovimientosStock(ID, IDProducto, TipoMovimiento, Cantidad, Fecha, Motivo) VALUES (95, 13, 'Egreso', 10, '2025-06-11 00:00:00.000', 'Venta ID 6')
INSERT GestionStock_FRSS.dbo.MovimientosStock(ID, IDProducto, TipoMovimiento, Cantidad, Fecha, Motivo) VALUES (96, 15, 'Egreso', 3, '2025-06-11 00:00:00.000', 'Venta ID 6')
INSERT GestionStock_FRSS.dbo.MovimientosStock(ID, IDProducto, TipoMovimiento, Cantidad, Fecha, Motivo) VALUES (97, 16, 'Egreso', 5, '2025-06-11 00:00:00.000', 'Venta ID 7')
INSERT GestionStock_FRSS.dbo.MovimientosStock(ID, IDProducto, TipoMovimiento, Cantidad, Fecha, Motivo) VALUES (98, 17, 'Egreso', 2, '2025-06-11 00:00:00.000', 'Venta ID 7')
INSERT GestionStock_FRSS.dbo.MovimientosStock(ID, IDProducto, TipoMovimiento, Cantidad, Fecha, Motivo) VALUES (99, 18, 'Egreso', 1, '2025-06-11 00:00:00.000', 'Venta ID 7')
INSERT GestionStock_FRSS.dbo.MovimientosStock(ID, IDProducto, TipoMovimiento, Cantidad, Fecha, Motivo) VALUES (100, 19, 'Egreso', 4, '2025-06-11 00:00:00.000', 'Venta ID 8')
INSERT GestionStock_FRSS.dbo.MovimientosStock(ID, IDProducto, TipoMovimiento, Cantidad, Fecha, Motivo) VALUES (101, 20, 'Egreso', 3, '2025-06-11 00:00:00.000', 'Venta ID 8')
INSERT GestionStock_FRSS.dbo.MovimientosStock(ID, IDProducto, TipoMovimiento, Cantidad, Fecha, Motivo) VALUES (102, 1, 'Egreso', 1, '2025-06-11 00:00:00.000', 'Venta ID 9')
INSERT GestionStock_FRSS.dbo.MovimientosStock(ID, IDProducto, TipoMovimiento, Cantidad, Fecha, Motivo) VALUES (103, 6, 'Egreso', 1, '2025-06-11 00:00:00.000', 'Venta ID 10')
INSERT GestionStock_FRSS.dbo.MovimientosStock(ID, IDProducto, TipoMovimiento, Cantidad, Fecha, Motivo) VALUES (104, 7, 'Egreso', 2, '2025-06-11 00:00:00.000', 'Venta ID 10')
GO
SET IDENTITY_INSERT GestionStock_FRSS.dbo.MovimientosStock OFF
GO

SET IDENTITY_INSERT GestionStock_FRSS.dbo.Productos ON
GO
INSERT GestionStock_FRSS.dbo.Productos(ID, Nombre, Descripcion, Precio, Stock, IDCategoria) VALUES (1, 'Auriculares Bluetooth', 'Auriculares inalámbricos con micrófono', 19000, 17, 1)
INSERT GestionStock_FRSS.dbo.Productos(ID, Nombre, Descripcion, Precio, Stock, IDCategoria) VALUES (2, 'Mouse Gamer RGB', 'Mouse ergonómico con luces LED y 6 botones', 13000, 24, 1)
INSERT GestionStock_FRSS.dbo.Productos(ID, Nombre, Descripcion, Precio, Stock, IDCategoria) VALUES (3, 'Teclado Mecánico', 'Teclado mecánico con switches azules', 24500, 10, 1)
INSERT GestionStock_FRSS.dbo.Productos(ID, Nombre, Descripcion, Precio, Stock, IDCategoria) VALUES (4, 'Smartwatch Deportivo', 'Reloj inteligente con sensor de ritmo cardíaco', 39000, 9, 1)
INSERT GestionStock_FRSS.dbo.Productos(ID, Nombre, Descripcion, Precio, Stock, IDCategoria) VALUES (5, 'Remera de Algodón', 'Remera unisex 100% algodón', 8000, 53, 2)
INSERT GestionStock_FRSS.dbo.Productos(ID, Nombre, Descripcion, Precio, Stock, IDCategoria) VALUES (6, 'Campera Rompeviento', 'Campera liviana impermeable', 25500, 20, 2)
INSERT GestionStock_FRSS.dbo.Productos(ID, Nombre, Descripcion, Precio, Stock, IDCategoria) VALUES (7, 'Zapatillas Urbanas', 'Zapatillas de tela con suela de goma', 32999, 21, 2)
INSERT GestionStock_FRSS.dbo.Productos(ID, Nombre, Descripcion, Precio, Stock, IDCategoria) VALUES (8, 'Pantalón Deportivo', 'Pantalón jogging con bolsillos', 14999, 30, 2)
INSERT GestionStock_FRSS.dbo.Productos(ID, Nombre, Descripcion, Precio, Stock, IDCategoria) VALUES (9, 'Set de Vasos', 'Juego de 6 vasos de vidrio templado', 8999, 36, 3)
INSERT GestionStock_FRSS.dbo.Productos(ID, Nombre, Descripcion, Precio, Stock, IDCategoria) VALUES (10, 'Lámpara de Mesa', 'Lámpara moderna con base de madera', 13000, 21, 3)
INSERT GestionStock_FRSS.dbo.Productos(ID, Nombre, Descripcion, Precio, Stock, IDCategoria) VALUES (11, 'Cafetera Eléctrica', 'Cafetera automática 1.5L', 28000, 25, 3)
INSERT GestionStock_FRSS.dbo.Productos(ID, Nombre, Descripcion, Precio, Stock, IDCategoria) VALUES (12, 'Toalla de Baño', 'Toalla de algodón de alta absorción', 5999, 40, 3)
INSERT GestionStock_FRSS.dbo.Productos(ID, Nombre, Descripcion, Precio, Stock, IDCategoria) VALUES (13, 'Aceite de Girasol 1L', 'Aceite comestible refinado', 2900, 100, 4)
INSERT GestionStock_FRSS.dbo.Productos(ID, Nombre, Descripcion, Precio, Stock, IDCategoria) VALUES (14, 'Arroz Largo Fino 1Kg', 'Arroz premium calidad exportación', 1799, 179, 4)
INSERT GestionStock_FRSS.dbo.Productos(ID, Nombre, Descripcion, Precio, Stock, IDCategoria) VALUES (15, 'Fideos Spaghetti 500g', 'Fideos de trigo candeal', 1399, 137, 4)
INSERT GestionStock_FRSS.dbo.Productos(ID, Nombre, Descripcion, Precio, Stock, IDCategoria) VALUES (16, 'Yerba Mate 1Kg', 'Yerba con palo selección especial', 3600, 90, 4)
INSERT GestionStock_FRSS.dbo.Productos(ID, Nombre, Descripcion, Precio, Stock, IDCategoria) VALUES (17, 'Detergente Líquido 750ml', 'Limpieza profunda para vajilla', 1200, 140, 5)
INSERT GestionStock_FRSS.dbo.Productos(ID, Nombre, Descripcion, Precio, Stock, IDCategoria) VALUES (18, 'Lavandina 1L', 'Desinfectante multiuso concentrado', 1000, 180, 5)
INSERT GestionStock_FRSS.dbo.Productos(ID, Nombre, Descripcion, Precio, Stock, IDCategoria) VALUES (19, 'Desodorante de Ambiente', 'Spray floral para interiores', 2200, 85, 5)
INSERT GestionStock_FRSS.dbo.Productos(ID, Nombre, Descripcion, Precio, Stock, IDCategoria) VALUES (20, 'Jabón en Polvo 800g', 'Jabón para ropa blanca y de color', 3200, 100, 5)
GO
SET IDENTITY_INSERT GestionStock_FRSS.dbo.Productos OFF
GO

INSERT GestionStock_FRSS.dbo.Productos_Tiene_Proveedor(IDProducto, IDProveedor, PrecioProveedor) VALUES (1, 2, 18500.00)
INSERT GestionStock_FRSS.dbo.Productos_Tiene_Proveedor(IDProducto, IDProveedor, PrecioProveedor) VALUES (2, 2, 12500.00)
INSERT GestionStock_FRSS.dbo.Productos_Tiene_Proveedor(IDProducto, IDProveedor, PrecioProveedor) VALUES (3, 2, 24000.00)
INSERT GestionStock_FRSS.dbo.Productos_Tiene_Proveedor(IDProducto, IDProveedor, PrecioProveedor) VALUES (4, 2, 38000.00)
INSERT GestionStock_FRSS.dbo.Productos_Tiene_Proveedor(IDProducto, IDProveedor, PrecioProveedor) VALUES (5, 5, 7500.00)
INSERT GestionStock_FRSS.dbo.Productos_Tiene_Proveedor(IDProducto, IDProveedor, PrecioProveedor) VALUES (6, 5, 24800.00)
INSERT GestionStock_FRSS.dbo.Productos_Tiene_Proveedor(IDProducto, IDProveedor, PrecioProveedor) VALUES (7, 5, 32000.00)
INSERT GestionStock_FRSS.dbo.Productos_Tiene_Proveedor(IDProducto, IDProveedor, PrecioProveedor) VALUES (8, 5, 14500.00)
INSERT GestionStock_FRSS.dbo.Productos_Tiene_Proveedor(IDProducto, IDProveedor, PrecioProveedor) VALUES (9, 6, 8500.00)
INSERT GestionStock_FRSS.dbo.Productos_Tiene_Proveedor(IDProducto, IDProveedor, PrecioProveedor) VALUES (10, 6, 12500.00)
INSERT GestionStock_FRSS.dbo.Productos_Tiene_Proveedor(IDProducto, IDProveedor, PrecioProveedor) VALUES (11, 6, 27000.00)
INSERT GestionStock_FRSS.dbo.Productos_Tiene_Proveedor(IDProducto, IDProveedor, PrecioProveedor) VALUES (12, 6, 5800.00)
INSERT GestionStock_FRSS.dbo.Productos_Tiene_Proveedor(IDProducto, IDProveedor, PrecioProveedor) VALUES (13, 1, 2700.00)
INSERT GestionStock_FRSS.dbo.Productos_Tiene_Proveedor(IDProducto, IDProveedor, PrecioProveedor) VALUES (14, 1, 1600.00)
INSERT GestionStock_FRSS.dbo.Productos_Tiene_Proveedor(IDProducto, IDProveedor, PrecioProveedor) VALUES (15, 1, 1250.00)
INSERT GestionStock_FRSS.dbo.Productos_Tiene_Proveedor(IDProducto, IDProveedor, PrecioProveedor) VALUES (16, 1, 3400.00)
INSERT GestionStock_FRSS.dbo.Productos_Tiene_Proveedor(IDProducto, IDProveedor, PrecioProveedor) VALUES (17, 5, 1100.00)
INSERT GestionStock_FRSS.dbo.Productos_Tiene_Proveedor(IDProducto, IDProveedor, PrecioProveedor) VALUES (18, 5, 950.00)
INSERT GestionStock_FRSS.dbo.Productos_Tiene_Proveedor(IDProducto, IDProveedor, PrecioProveedor) VALUES (19, 5, 2000.00)
INSERT GestionStock_FRSS.dbo.Productos_Tiene_Proveedor(IDProducto, IDProveedor, PrecioProveedor) VALUES (20, 5, 3000.00)
GO

INSERT GestionStock_FRSS.dbo.Proveedor_Tiene_Emails(Correo, IDProveedor, IDEtiqueta) VALUES (N'administracion@metalroj.com', 6, 5)
INSERT GestionStock_FRSS.dbo.Proveedor_Tiene_Emails(Correo, IDProveedor, IDEtiqueta) VALUES (N'contacto@agrocampo.com', 8, 5)
INSERT GestionStock_FRSS.dbo.Proveedor_Tiene_Emails(Correo, IDProveedor, IDEtiqueta) VALUES (N'contacto@elsolsrl.com', 1, 5)
INSERT GestionStock_FRSS.dbo.Proveedor_Tiene_Emails(Correo, IDProveedor, IDEtiqueta) VALUES (N'contacto@papeleraandes.com', 4, 5)
INSERT GestionStock_FRSS.dbo.Proveedor_Tiene_Emails(Correo, IDProveedor, IDEtiqueta) VALUES (N'info@frioservice.com', 3, 5)
INSERT GestionStock_FRSS.dbo.Proveedor_Tiene_Emails(Correo, IDProveedor, IDEtiqueta) VALUES (N'info@plasticoeste.com', 10, 5)
INSERT GestionStock_FRSS.dbo.Proveedor_Tiene_Emails(Correo, IDProveedor, IDEtiqueta) VALUES (N'pedidos@graficasur.com', 7, 5)
INSERT GestionStock_FRSS.dbo.Proveedor_Tiene_Emails(Correo, IDProveedor, IDEtiqueta) VALUES (N'ventas@limpiezamax.com', 5, 5)
INSERT GestionStock_FRSS.dbo.Proveedor_Tiene_Emails(Correo, IDProveedor, IDEtiqueta) VALUES (N'ventas@ruta9neumaticos.com', 9, 5)
INSERT GestionStock_FRSS.dbo.Proveedor_Tiene_Emails(Correo, IDProveedor, IDEtiqueta) VALUES (N'ventas@tecnomundo.com', 2, 5)
GO

INSERT GestionStock_FRSS.dbo.Proveedor_Tiene_Telefonos(Telefono, IDProveedor, IDEtiqueta) VALUES (N'1122233344', 9, 5)
INSERT GestionStock_FRSS.dbo.Proveedor_Tiene_Telefonos(Telefono, IDProveedor, IDEtiqueta) VALUES (N'1123456789', 1, 4)
INSERT GestionStock_FRSS.dbo.Proveedor_Tiene_Telefonos(Telefono, IDProveedor, IDEtiqueta) VALUES (N'1133344455', 10, 6)
INSERT GestionStock_FRSS.dbo.Proveedor_Tiene_Telefonos(Telefono, IDProveedor, IDEtiqueta) VALUES (N'1134567890', 2, 5)
INSERT GestionStock_FRSS.dbo.Proveedor_Tiene_Telefonos(Telefono, IDProveedor, IDEtiqueta) VALUES (N'1145678901', 3, 5)
INSERT GestionStock_FRSS.dbo.Proveedor_Tiene_Telefonos(Telefono, IDProveedor, IDEtiqueta) VALUES (N'1156789012', 4, 5)
INSERT GestionStock_FRSS.dbo.Proveedor_Tiene_Telefonos(Telefono, IDProveedor, IDEtiqueta) VALUES (N'1167890123', 5, 4)
INSERT GestionStock_FRSS.dbo.Proveedor_Tiene_Telefonos(Telefono, IDProveedor, IDEtiqueta) VALUES (N'1178901234', 6, 6)
INSERT GestionStock_FRSS.dbo.Proveedor_Tiene_Telefonos(Telefono, IDProveedor, IDEtiqueta) VALUES (N'1189012345', 7, 5)
INSERT GestionStock_FRSS.dbo.Proveedor_Tiene_Telefonos(Telefono, IDProveedor, IDEtiqueta) VALUES (N'1190123456', 8, 5)
GO

SET IDENTITY_INSERT GestionStock_FRSS.dbo.Proveedores ON
GO
INSERT GestionStock_FRSS.dbo.Proveedores(ID, IDCondicionIVA, Nombre, Telefono, Direccion, Rubro, Alta, Email) VALUES (1, 1, 'Distribuidora El Sol SRL', '1123456789', 'Av. Rivadavia 4521, CABA', 'Alimentos', CONVERT(bit, 'True'), 'contacto@elsolsrl.com')
INSERT GestionStock_FRSS.dbo.Proveedores(ID, IDCondicionIVA, Nombre, Telefono, Direccion, Rubro, Alta, Email) VALUES (2, 5, 'TecnoMundo SA', '1134567890', 'Moreno 920, CABA', 'Electrónica', CONVERT(bit, 'True'), 'ventas@tecnomundo.com')
INSERT GestionStock_FRSS.dbo.Proveedores(ID, IDCondicionIVA, Nombre, Telefono, Direccion, Rubro, Alta, Email) VALUES (3, 1, 'FríoService S.A.', '1145678901', 'Av. San Martín 3010, Córdoba', 'Refrigeración', CONVERT(bit, 'True'), 'info@frioservice.com')
INSERT GestionStock_FRSS.dbo.Proveedores(ID, IDCondicionIVA, Nombre, Telefono, Direccion, Rubro, Alta, Email) VALUES (4, 6, 'Papelera Andes', '1156789012', 'Mitre 1200, Mendoza', 'Papelería', CONVERT(bit, 'True'), 'contacto@papeleraandes.com')
INSERT GestionStock_FRSS.dbo.Proveedores(ID, IDCondicionIVA, Nombre, Telefono, Direccion, Rubro, Alta, Email) VALUES (5, 4, 'LimpiezaMax', '1167890123', 'Belgrano 850, Rosario', 'Limpieza', CONVERT(bit, 'True'), 'ventas@limpiezamax.com')
INSERT GestionStock_FRSS.dbo.Proveedores(ID, IDCondicionIVA, Nombre, Telefono, Direccion, Rubro, Alta, Email) VALUES (6, 5, 'Metalúrgica Rojas', '1178901234', 'Ruta 8 Km 42, Pilar', 'Metalúrgica', CONVERT(bit, 'True'), 'administracion@metalroj.com')
INSERT GestionStock_FRSS.dbo.Proveedores(ID, IDCondicionIVA, Nombre, Telefono, Direccion, Rubro, Alta, Email) VALUES (7, 1, 'Gráfica Sur', '1189012345', 'Calle 45 N° 321, La Plata', 'Imprenta', CONVERT(bit, 'True'), 'pedidos@graficasur.com')
INSERT GestionStock_FRSS.dbo.Proveedores(ID, IDCondicionIVA, Nombre, Telefono, Direccion, Rubro, Alta, Email) VALUES (8, 7, 'AgroCampo SRL', '1190123456', 'Ruta 33 Km 12, Santa Fe', 'Agroinsumos', CONVERT(bit, 'True'), 'contacto@agrocampo.com')
INSERT GestionStock_FRSS.dbo.Proveedores(ID, IDCondicionIVA, Nombre, Telefono, Direccion, Rubro, Alta, Email) VALUES (9, 6, 'Neumáticos Ruta 9', '1122233344', 'Ruta 9 Km 78, Zárate', 'Automotor', CONVERT(bit, 'True'), 'ventas@ruta9neumaticos.com')
INSERT GestionStock_FRSS.dbo.Proveedores(ID, IDCondicionIVA, Nombre, Telefono, Direccion, Rubro, Alta, Email) VALUES (10, 5, 'Plásticos del Oeste', '1133344455', 'Av. Vergara 2500, Hurlingham', 'Plásticos', CONVERT(bit, 'True'), 'info@plasticoeste.com')
GO
SET IDENTITY_INSERT GestionStock_FRSS.dbo.Proveedores OFF
GO

SET IDENTITY_INSERT GestionStock_FRSS.dbo.TipoDeComprobante ON
GO
INSERT GestionStock_FRSS.dbo.TipoDeComprobante(ID, TipoComprobante) VALUES (1, 'FACTURAS A')
INSERT GestionStock_FRSS.dbo.TipoDeComprobante(ID, TipoComprobante) VALUES (2, 'NOTAS DE DEBITO A')
INSERT GestionStock_FRSS.dbo.TipoDeComprobante(ID, TipoComprobante) VALUES (3, 'NOTAS DE CREDITO A')
INSERT GestionStock_FRSS.dbo.TipoDeComprobante(ID, TipoComprobante) VALUES (4, 'RECIBOS A')
INSERT GestionStock_FRSS.dbo.TipoDeComprobante(ID, TipoComprobante) VALUES (5, 'NOTAS DE VENTA AL CONTADO A')
INSERT GestionStock_FRSS.dbo.TipoDeComprobante(ID, TipoComprobante) VALUES (6, 'FACTURAS B')
INSERT GestionStock_FRSS.dbo.TipoDeComprobante(ID, TipoComprobante) VALUES (7, 'NOTAS DE DEBITO B')
INSERT GestionStock_FRSS.dbo.TipoDeComprobante(ID, TipoComprobante) VALUES (8, 'NOTAS DE CREDITO B')
INSERT GestionStock_FRSS.dbo.TipoDeComprobante(ID, TipoComprobante) VALUES (9, 'RECIBOS B')
INSERT GestionStock_FRSS.dbo.TipoDeComprobante(ID, TipoComprobante) VALUES (10, 'NOTAS DE VENTA AL CONTADO B')
INSERT GestionStock_FRSS.dbo.TipoDeComprobante(ID, TipoComprobante) VALUES (11, 'FACTURAS C')
INSERT GestionStock_FRSS.dbo.TipoDeComprobante(ID, TipoComprobante) VALUES (12, 'NOTAS DE DEBITO C')
INSERT GestionStock_FRSS.dbo.TipoDeComprobante(ID, TipoComprobante) VALUES (13, 'NOTAS DE CREDITO C')
INSERT GestionStock_FRSS.dbo.TipoDeComprobante(ID, TipoComprobante) VALUES (14, 'RECIBOS C')
INSERT GestionStock_FRSS.dbo.TipoDeComprobante(ID, TipoComprobante) VALUES (15, 'NOTAS DE VENTA AL CONTADO C')
INSERT GestionStock_FRSS.dbo.TipoDeComprobante(ID, TipoComprobante) VALUES (16, 'LIQUIDACION DE SERVICIOS PUBLICOS CLASE A')
INSERT GestionStock_FRSS.dbo.TipoDeComprobante(ID, TipoComprobante) VALUES (17, 'LIQUIDACION DE SERVICIOS PUBLICOS CLASE B')
INSERT GestionStock_FRSS.dbo.TipoDeComprobante(ID, TipoComprobante) VALUES (18, 'FACTURAS DE EXPORTACION')
INSERT GestionStock_FRSS.dbo.TipoDeComprobante(ID, TipoComprobante) VALUES (19, 'NOTAS DE DEBITO POR OPERACIONES CON EL EXTERIOR')
INSERT GestionStock_FRSS.dbo.TipoDeComprobante(ID, TipoComprobante) VALUES (20, 'NOTAS DE CREDITO POR OPERACIONES CON EL EXTERIOR')
INSERT GestionStock_FRSS.dbo.TipoDeComprobante(ID, TipoComprobante) VALUES (21, 'FACTURAS - PERMISO EXPORTACION SIMPLIFICADO - DTO. 855/97')
INSERT GestionStock_FRSS.dbo.TipoDeComprobante(ID, TipoComprobante) VALUES (22, 'COMPROBANTES A DE COMPRA PRIMARIA PARA EL SECTOR PESQUERO MARITIMO')
INSERT GestionStock_FRSS.dbo.TipoDeComprobante(ID, TipoComprobante) VALUES (23, 'COMPROBANTES A DE CONSIGNACION PRIMARIA PARA EL SECTOR PESQUERO MARITIMO')
INSERT GestionStock_FRSS.dbo.TipoDeComprobante(ID, TipoComprobante) VALUES (24, 'COMPROBANTES B DE COMPRA PRIMARIA PARA EL SECTOR PESQUERO MARITIMO')
INSERT GestionStock_FRSS.dbo.TipoDeComprobante(ID, TipoComprobante) VALUES (25, 'COMPROBANTES B DE CONSIGNACION PRIMARIA PARA EL SECTOR PESQUERO MARITIMO')
INSERT GestionStock_FRSS.dbo.TipoDeComprobante(ID, TipoComprobante) VALUES (26, 'LIQUIDACION UNICA COMERCIAL IMPOSITIVA CLASE A')
INSERT GestionStock_FRSS.dbo.TipoDeComprobante(ID, TipoComprobante) VALUES (27, 'LIQUIDACION UNICA COMERCIAL IMPOSITIVA CLASE B')
INSERT GestionStock_FRSS.dbo.TipoDeComprobante(ID, TipoComprobante) VALUES (28, 'LIQUIDACION UNICA COMERCIAL IMPOSITIVA CLASE C')
INSERT GestionStock_FRSS.dbo.TipoDeComprobante(ID, TipoComprobante) VALUES (29, 'COMPROBANTES DE COMPRA DE BIENES USADOS')
INSERT GestionStock_FRSS.dbo.TipoDeComprobante(ID, TipoComprobante) VALUES (30, 'MANDATO - CONSIGNACION')
INSERT GestionStock_FRSS.dbo.TipoDeComprobante(ID, TipoComprobante) VALUES (31, 'COMPROBANTES PARA RECICLAR MATERIALES')
INSERT GestionStock_FRSS.dbo.TipoDeComprobante(ID, TipoComprobante) VALUES (32, 'LIQUIDACION PRIMARIA DE GRANOS')
INSERT GestionStock_FRSS.dbo.TipoDeComprobante(ID, TipoComprobante) VALUES (33, 'COMPROBANTES A DEL APARTADO A INCISO F R.G. N° 1415')
INSERT GestionStock_FRSS.dbo.TipoDeComprobante(ID, TipoComprobante) VALUES (34, 'COMPROBANTES B DEL ANEXO I APARTADO A INC F R.G. N° 1415')
INSERT GestionStock_FRSS.dbo.TipoDeComprobante(ID, TipoComprobante) VALUES (35, 'COMPROBANTES C DEL ANEXO I APARTADO A INC F R.G. N° 1415')
INSERT GestionStock_FRSS.dbo.TipoDeComprobante(ID, TipoComprobante) VALUES (36, 'NOTAS DE DEBITO O DOCUMENTO EQUIVALENTE QUE CUMPLAN CON LA R.G. N° 1415')
INSERT GestionStock_FRSS.dbo.TipoDeComprobante(ID, TipoComprobante) VALUES (37, 'NOTAS DE CREDITO O DOCUMENTO EQUIVALENTE QUE CUMPLAN CON LA R.G. N° 1415')
INSERT GestionStock_FRSS.dbo.TipoDeComprobante(ID, TipoComprobante) VALUES (38, 'OTROS COMPROBANTES A QUE CUMPLEN CON LA R G 1415')
INSERT GestionStock_FRSS.dbo.TipoDeComprobante(ID, TipoComprobante) VALUES (39, 'OTROS COMPROBANTES B QUE CUMPLAN CON LA R.G. N° 1415')
INSERT GestionStock_FRSS.dbo.TipoDeComprobante(ID, TipoComprobante) VALUES (40, 'OTROS COMPROBANTES C QUE CUMPLAN CON LA R.G. N° 1415')
INSERT GestionStock_FRSS.dbo.TipoDeComprobante(ID, TipoComprobante) VALUES (41, 'NOTA DE CREDITO LIQUIDACION UNICA COMERCIAL IMPOSITIVA CLASE B')
INSERT GestionStock_FRSS.dbo.TipoDeComprobante(ID, TipoComprobante) VALUES (42, 'NOTA DE CREDITO LIQUIDACION UNICA COMERCIAL IMPOSITIVA CLASE C')
INSERT GestionStock_FRSS.dbo.TipoDeComprobante(ID, TipoComprobante) VALUES (43, 'NOTA DE DEBITO LIQUIDACION UNICA COMERCIAL IMPOSITIVA CLASE A')
INSERT GestionStock_FRSS.dbo.TipoDeComprobante(ID, TipoComprobante) VALUES (44, 'NOTA DE DEBITO LIQUIDACION UNICA COMERCIAL IMPOSITIVA CLASE B')
INSERT GestionStock_FRSS.dbo.TipoDeComprobante(ID, TipoComprobante) VALUES (45, 'NOTA DE DEBITO LIQUIDACION UNICA COMERCIAL IMPOSITIVA CLASE C')
INSERT GestionStock_FRSS.dbo.TipoDeComprobante(ID, TipoComprobante) VALUES (46, 'NOTA DE CREDITO LIQUIDACION UNICA COMERCIAL IMPOSITIVA CLASE A')
INSERT GestionStock_FRSS.dbo.TipoDeComprobante(ID, TipoComprobante) VALUES (47, 'COMPROBANTES DE COMPRA DE BIENES NO REGISTRABLES A CONSUMIDORES FINALES')
INSERT GestionStock_FRSS.dbo.TipoDeComprobante(ID, TipoComprobante) VALUES (48, 'RECIBO FACTURA A REGIMEN DE FACTURA DE CREDITO')
INSERT GestionStock_FRSS.dbo.TipoDeComprobante(ID, TipoComprobante) VALUES (49, 'FACTURAS M')
INSERT GestionStock_FRSS.dbo.TipoDeComprobante(ID, TipoComprobante) VALUES (50, 'NOTAS DE DEBITO M')
INSERT GestionStock_FRSS.dbo.TipoDeComprobante(ID, TipoComprobante) VALUES (51, 'NOTAS DE CREDITO M')
INSERT GestionStock_FRSS.dbo.TipoDeComprobante(ID, TipoComprobante) VALUES (52, 'RECIBOS M')
INSERT GestionStock_FRSS.dbo.TipoDeComprobante(ID, TipoComprobante) VALUES (53, 'NOTAS DE VENTA AL CONTADO M')
INSERT GestionStock_FRSS.dbo.TipoDeComprobante(ID, TipoComprobante) VALUES (54, 'COMPROBANTES M DEL ANEXO I APARTADO A INC F R.G. N° 1415')
INSERT GestionStock_FRSS.dbo.TipoDeComprobante(ID, TipoComprobante) VALUES (55, 'OTROS COMPROBANTES M QUE CUMPLAN CON LA R.G. N° 1415')
INSERT GestionStock_FRSS.dbo.TipoDeComprobante(ID, TipoComprobante) VALUES (56, 'CUENTAS DE VENTA Y LIQUIDO PRODUCTO M')
INSERT GestionStock_FRSS.dbo.TipoDeComprobante(ID, TipoComprobante) VALUES (57, 'LIQUIDACIONES M')
INSERT GestionStock_FRSS.dbo.TipoDeComprobante(ID, TipoComprobante) VALUES (58, 'CUENTAS DE VENTA Y LIQUIDO PRODUCTO A')
INSERT GestionStock_FRSS.dbo.TipoDeComprobante(ID, TipoComprobante) VALUES (59, 'CUENTAS DE VENTA Y LIQUIDO PRODUCTO B')
INSERT GestionStock_FRSS.dbo.TipoDeComprobante(ID, TipoComprobante) VALUES (60, 'LIQUIDACIONES A')
INSERT GestionStock_FRSS.dbo.TipoDeComprobante(ID, TipoComprobante) VALUES (61, 'LIQUIDACIONES B')
INSERT GestionStock_FRSS.dbo.TipoDeComprobante(ID, TipoComprobante) VALUES (62, 'DESPACHO DE IMPORTACION')
INSERT GestionStock_FRSS.dbo.TipoDeComprobante(ID, TipoComprobante) VALUES (63, 'LIQUIDACION C')
INSERT GestionStock_FRSS.dbo.TipoDeComprobante(ID, TipoComprobante) VALUES (64, 'RECIBOS FACTURA DE CREDITO')
INSERT GestionStock_FRSS.dbo.TipoDeComprobante(ID, TipoComprobante) VALUES (65, 'INFORME DIARIO DE CIERRE ZETA - CONTROLADORES FISCALES')
INSERT GestionStock_FRSS.dbo.TipoDeComprobante(ID, TipoComprobante) VALUES (66, 'TIQUE FACTURA A')
INSERT GestionStock_FRSS.dbo.TipoDeComprobante(ID, TipoComprobante) VALUES (67, 'TIQUE FACTURA B')
INSERT GestionStock_FRSS.dbo.TipoDeComprobante(ID, TipoComprobante) VALUES (68, 'TIQUE')
INSERT GestionStock_FRSS.dbo.TipoDeComprobante(ID, TipoComprobante) VALUES (69, 'REMITO ELECTRONICO')
INSERT GestionStock_FRSS.dbo.TipoDeComprobante(ID, TipoComprobante) VALUES (70, 'RESUMEN DE DATOS')
INSERT GestionStock_FRSS.dbo.TipoDeComprobante(ID, TipoComprobante) VALUES (71, 'OTROS COMPROBANTES - DOCUMENTOS EXCEPTUADOS - NOTAS DE CREDITO')
INSERT GestionStock_FRSS.dbo.TipoDeComprobante(ID, TipoComprobante) VALUES (72, 'REMITOS R')
INSERT GestionStock_FRSS.dbo.TipoDeComprobante(ID, TipoComprobante) VALUES (73, 'OTROS COMPROBANTES QUE NO CUMPLEN O ESTÁN EXCEPTUADOS DE LA R.G. 1415 Y SUS MODIF')
INSERT GestionStock_FRSS.dbo.TipoDeComprobante(ID, TipoComprobante) VALUES (74, 'TIQUE NOTA DE CREDITO')
INSERT GestionStock_FRSS.dbo.TipoDeComprobante(ID, TipoComprobante) VALUES (75, 'TIQUE FACTURA C')
INSERT GestionStock_FRSS.dbo.TipoDeComprobante(ID, TipoComprobante) VALUES (76, 'TIQUE NOTA DE CREDITO A')
INSERT GestionStock_FRSS.dbo.TipoDeComprobante(ID, TipoComprobante) VALUES (77, 'TIQUE NOTA DE CREDITO B')
INSERT GestionStock_FRSS.dbo.TipoDeComprobante(ID, TipoComprobante) VALUES (78, 'TIQUE NOTA DE CREDITO C')
INSERT GestionStock_FRSS.dbo.TipoDeComprobante(ID, TipoComprobante) VALUES (79, 'TIQUE NOTA DE DEBITO A')
INSERT GestionStock_FRSS.dbo.TipoDeComprobante(ID, TipoComprobante) VALUES (80, 'TIQUE NOTA DE DEBITO B')
INSERT GestionStock_FRSS.dbo.TipoDeComprobante(ID, TipoComprobante) VALUES (81, 'TIQUE NOTA DE DEBITO C')
INSERT GestionStock_FRSS.dbo.TipoDeComprobante(ID, TipoComprobante) VALUES (82, 'TIQUE FACTURA M')
INSERT GestionStock_FRSS.dbo.TipoDeComprobante(ID, TipoComprobante) VALUES (83, 'TIQUE NOTA DE CREDITO M')
INSERT GestionStock_FRSS.dbo.TipoDeComprobante(ID, TipoComprobante) VALUES (84, 'TIQUE NOTA DE DEBITO M')
INSERT GestionStock_FRSS.dbo.TipoDeComprobante(ID, TipoComprobante) VALUES (85, 'FACTURA DE CREDITO ELECTRONICA MiPyMEs FCE A')
INSERT GestionStock_FRSS.dbo.TipoDeComprobante(ID, TipoComprobante) VALUES (86, 'NOTA DE DEBITO ELECTRONICA MiPyMEs FCE A')
INSERT GestionStock_FRSS.dbo.TipoDeComprobante(ID, TipoComprobante) VALUES (87, 'NOTA DE CREDITO ELECTRONICA MiPyMEs FCE A')
INSERT GestionStock_FRSS.dbo.TipoDeComprobante(ID, TipoComprobante) VALUES (88, 'FACTURA DE CREDITO ELECTRONICA MiPyMEs FCE B')
INSERT GestionStock_FRSS.dbo.TipoDeComprobante(ID, TipoComprobante) VALUES (89, 'NOTA DE DEBITO ELECTRONICA MiPyMEs FCE B')
INSERT GestionStock_FRSS.dbo.TipoDeComprobante(ID, TipoComprobante) VALUES (90, 'NOTA DE CREDITO ELECTRONICA MiPyMEs FCE B')
INSERT GestionStock_FRSS.dbo.TipoDeComprobante(ID, TipoComprobante) VALUES (91, 'FACTURA DE CREDITO ELECTRONICA MiPyMEs FCE C')
INSERT GestionStock_FRSS.dbo.TipoDeComprobante(ID, TipoComprobante) VALUES (92, 'NOTA DE DEBITO ELECTRONICA MiPyMEs FCE C')
INSERT GestionStock_FRSS.dbo.TipoDeComprobante(ID, TipoComprobante) VALUES (93, 'NOTA DE CREDITO ELECTRONICA MiPyMEs FCE C')
INSERT GestionStock_FRSS.dbo.TipoDeComprobante(ID, TipoComprobante) VALUES (94, 'LIQUIDACION SECUNDARIA DE GRANOS')
INSERT GestionStock_FRSS.dbo.TipoDeComprobante(ID, TipoComprobante) VALUES (95, 'CERTIFICACION ELECTRONICA GRANOS')
INSERT GestionStock_FRSS.dbo.TipoDeComprobante(ID, TipoComprobante) VALUES (96, 'REMITO ELECTRONICO CARNICO')
GO
SET IDENTITY_INSERT GestionStock_FRSS.dbo.TipoDeComprobante OFF
GO

SET IDENTITY_INSERT GestionStock_FRSS.dbo.Ventas ON
GO
INSERT GestionStock_FRSS.dbo.Ventas(ID, IDCliente, FechaVenta, IDTipoComprobante, CAE, VencimientoCAE) VALUES (1, 1, '2025-11-01', 1, 'A10000000000000000001', '2025-11-11')
INSERT GestionStock_FRSS.dbo.Ventas(ID, IDCliente, FechaVenta, IDTipoComprobante, CAE, VencimientoCAE) VALUES (2, 1, '2025-04-05', 5, 'A10000000000000000002', '2025-04-15')
INSERT GestionStock_FRSS.dbo.Ventas(ID, IDCliente, FechaVenta, IDTipoComprobante, CAE, VencimientoCAE) VALUES (3, 1, '2025-11-10', 6, 'B10000000000000000003', '2025-11-20')
INSERT GestionStock_FRSS.dbo.Ventas(ID, IDCliente, FechaVenta, IDTipoComprobante, CAE, VencimientoCAE) VALUES (4, 1, '2025-09-05', 18, 'E10000000000000000004', '2025-09-15')
INSERT GestionStock_FRSS.dbo.Ventas(ID, IDCliente, FechaVenta, IDTipoComprobante, CAE, VencimientoCAE) VALUES (5, 1, '2025-11-15', 10, 'A10000000000000000005', '2025-11-25')
INSERT GestionStock_FRSS.dbo.Ventas(ID, IDCliente, FechaVenta, IDTipoComprobante, CAE, VencimientoCAE) VALUES (6, 2, '2025-11-02', 1, 'A20000000000000000001', '2025-11-12')
INSERT GestionStock_FRSS.dbo.Ventas(ID, IDCliente, FechaVenta, IDTipoComprobante, CAE, VencimientoCAE) VALUES (7, 2, '2025-11-06', 2, 'B20000000000000000002', '2025-11-16')
INSERT GestionStock_FRSS.dbo.Ventas(ID, IDCliente, FechaVenta, IDTipoComprobante, CAE, VencimientoCAE) VALUES (8, 2, '2025-11-11', 5, 'A20000000000000000003', '2025-11-21')
INSERT GestionStock_FRSS.dbo.Ventas(ID, IDCliente, FechaVenta, IDTipoComprobante, CAE, VencimientoCAE) VALUES (9, 2, '2025-11-14', 9, 'B20000000000000000004', '2025-11-24')
INSERT GestionStock_FRSS.dbo.Ventas(ID, IDCliente, FechaVenta, IDTipoComprobante, CAE, VencimientoCAE) VALUES (10, 2, '2025-01-05', 12, 'C20000000000000000005', '2025-01-15')
INSERT GestionStock_FRSS.dbo.Ventas(ID, IDCliente, FechaVenta, IDTipoComprobante, CAE, VencimientoCAE) VALUES (11, 3, '2025-01-05', 1, 'A30000000000000000001', '2025-01-15')
INSERT GestionStock_FRSS.dbo.Ventas(ID, IDCliente, FechaVenta, IDTipoComprobante, CAE, VencimientoCAE) VALUES (12, 3, '2025-11-07', 3, 'B30000000000000000002', '2025-11-17')
INSERT GestionStock_FRSS.dbo.Ventas(ID, IDCliente, FechaVenta, IDTipoComprobante, CAE, VencimientoCAE) VALUES (13, 3, '2025-09-05', 6, 'A30000000000000000003', '2025-09-15')
INSERT GestionStock_FRSS.dbo.Ventas(ID, IDCliente, FechaVenta, IDTipoComprobante, CAE, VencimientoCAE) VALUES (14, 3, '2025-11-16', 18, 'E30000000000000000004', '2025-11-26')
INSERT GestionStock_FRSS.dbo.Ventas(ID, IDCliente, FechaVenta, IDTipoComprobante, CAE, VencimientoCAE) VALUES (15, 3, '2025-01-05', 10, 'A30000000000000000005', '2025-01-15')
INSERT GestionStock_FRSS.dbo.Ventas(ID, IDCliente, FechaVenta, IDTipoComprobante, CAE, VencimientoCAE) VALUES (16, 4, '2025-11-04', 1, 'A40000000000000000001', '2025-11-14')
INSERT GestionStock_FRSS.dbo.Ventas(ID, IDCliente, FechaVenta, IDTipoComprobante, CAE, VencimientoCAE) VALUES (17, 4, '2025-11-08', 4, 'B40000000000000000002', '2025-11-18')
INSERT GestionStock_FRSS.dbo.Ventas(ID, IDCliente, FechaVenta, IDTipoComprobante, CAE, VencimientoCAE) VALUES (18, 4, '2025-11-13', 6, 'A40000000000000000003', '2025-11-23')
INSERT GestionStock_FRSS.dbo.Ventas(ID, IDCliente, FechaVenta, IDTipoComprobante, CAE, VencimientoCAE) VALUES (19, 4, '2025-11-17', 18, 'E40000000000000000004', '2025-11-27')
INSERT GestionStock_FRSS.dbo.Ventas(ID, IDCliente, FechaVenta, IDTipoComprobante, CAE, VencimientoCAE) VALUES (20, 4, '2025-11-20', 10, 'A40000000000000000005', '2025-11-30')
INSERT GestionStock_FRSS.dbo.Ventas(ID, IDCliente, FechaVenta, IDTipoComprobante, CAE, VencimientoCAE) VALUES (21, 5, '2025-11-01', 1, 'A50000000000000000001', '2025-11-11')
INSERT GestionStock_FRSS.dbo.Ventas(ID, IDCliente, FechaVenta, IDTipoComprobante, CAE, VencimientoCAE) VALUES (22, 5, '2025-11-05', 5, 'B50000000000000000002', '2025-11-15')
INSERT GestionStock_FRSS.dbo.Ventas(ID, IDCliente, FechaVenta, IDTipoComprobante, CAE, VencimientoCAE) VALUES (23, 5, '2025-01-10', 6, 'A50000000000000000003', '2025-01-20')
INSERT GestionStock_FRSS.dbo.Ventas(ID, IDCliente, FechaVenta, IDTipoComprobante, CAE, VencimientoCAE) VALUES (24, 5, '2025-11-15', 18, 'E50000000000000000004', '2025-11-25')
INSERT GestionStock_FRSS.dbo.Ventas(ID, IDCliente, FechaVenta, IDTipoComprobante, CAE, VencimientoCAE) VALUES (25, 5, '2025-11-20', 10, 'A50000000000000000005', '2025-11-30')
INSERT GestionStock_FRSS.dbo.Ventas(ID, IDCliente, FechaVenta, IDTipoComprobante, CAE, VencimientoCAE) VALUES (26, 6, '2025-11-02', 1, 'A60000000000000000001', '2025-11-12')
INSERT GestionStock_FRSS.dbo.Ventas(ID, IDCliente, FechaVenta, IDTipoComprobante, CAE, VencimientoCAE) VALUES (27, 6, '2025-11-06', 3, 'B60000000000000000002', '2025-11-16')
INSERT GestionStock_FRSS.dbo.Ventas(ID, IDCliente, FechaVenta, IDTipoComprobante, CAE, VencimientoCAE) VALUES (28, 6, '2025-11-11', 6, 'A60000000000000000003', '2025-11-21')
INSERT GestionStock_FRSS.dbo.Ventas(ID, IDCliente, FechaVenta, IDTipoComprobante, CAE, VencimientoCAE) VALUES (29, 6, '2025-11-16', 18, 'E60000000000000000004', '2025-11-26')
INSERT GestionStock_FRSS.dbo.Ventas(ID, IDCliente, FechaVenta, IDTipoComprobante, CAE, VencimientoCAE) VALUES (30, 6, '2025-11-21', 10, 'A60000000000000000005', '2025-12-01')
INSERT GestionStock_FRSS.dbo.Ventas(ID, IDCliente, FechaVenta, IDTipoComprobante, CAE, VencimientoCAE) VALUES (31, 7, '2025-11-03', 1, 'A70000000000000000001', '2025-11-13')
INSERT GestionStock_FRSS.dbo.Ventas(ID, IDCliente, FechaVenta, IDTipoComprobante, CAE, VencimientoCAE) VALUES (32, 7, '2025-11-07', 4, 'B70000000000000000002', '2025-11-17')
INSERT GestionStock_FRSS.dbo.Ventas(ID, IDCliente, FechaVenta, IDTipoComprobante, CAE, VencimientoCAE) VALUES (33, 7, '2025-11-12', 6, 'A70000000000000000003', '2025-11-22')
INSERT GestionStock_FRSS.dbo.Ventas(ID, IDCliente, FechaVenta, IDTipoComprobante, CAE, VencimientoCAE) VALUES (34, 7, '2025-11-17', 18, 'E70000000000000000004', '2025-11-27')
INSERT GestionStock_FRSS.dbo.Ventas(ID, IDCliente, FechaVenta, IDTipoComprobante, CAE, VencimientoCAE) VALUES (35, 7, '2025-11-22', 10, 'A70000000000000000005', '2025-12-02')
INSERT GestionStock_FRSS.dbo.Ventas(ID, IDCliente, FechaVenta, IDTipoComprobante, CAE, VencimientoCAE) VALUES (36, 8, '2025-11-04', 1, 'A80000000000000000001', '2025-11-14')
INSERT GestionStock_FRSS.dbo.Ventas(ID, IDCliente, FechaVenta, IDTipoComprobante, CAE, VencimientoCAE) VALUES (37, 8, '2025-09-05', 4, 'B80000000000000000002', '2025-09-15')
INSERT GestionStock_FRSS.dbo.Ventas(ID, IDCliente, FechaVenta, IDTipoComprobante, CAE, VencimientoCAE) VALUES (38, 8, '2025-11-13', 6, 'A80000000000000000003', '2025-11-23')
INSERT GestionStock_FRSS.dbo.Ventas(ID, IDCliente, FechaVenta, IDTipoComprobante, CAE, VencimientoCAE) VALUES (39, 8, '2025-11-18', 18, 'E80000000000000000004', '2025-11-28')
INSERT GestionStock_FRSS.dbo.Ventas(ID, IDCliente, FechaVenta, IDTipoComprobante, CAE, VencimientoCAE) VALUES (40, 8, '2025-11-23', 10, 'A80000000000000000005', '2025-12-03')
INSERT GestionStock_FRSS.dbo.Ventas(ID, IDCliente, FechaVenta, IDTipoComprobante, CAE, VencimientoCAE) VALUES (41, 9, '2025-11-01', 1, 'A90000000000000000001', '2025-11-11')
INSERT GestionStock_FRSS.dbo.Ventas(ID, IDCliente, FechaVenta, IDTipoComprobante, CAE, VencimientoCAE) VALUES (42, 9, '2025-11-05', 5, 'B90000000000000000002', '2025-11-15')
INSERT GestionStock_FRSS.dbo.Ventas(ID, IDCliente, FechaVenta, IDTipoComprobante, CAE, VencimientoCAE) VALUES (43, 9, '2025-09-05', 6, 'A90000000000000000003', '2025-09-15')
INSERT GestionStock_FRSS.dbo.Ventas(ID, IDCliente, FechaVenta, IDTipoComprobante, CAE, VencimientoCAE) VALUES (44, 9, '2025-11-15', 18, 'E90000000000000000004', '2025-11-25')
INSERT GestionStock_FRSS.dbo.Ventas(ID, IDCliente, FechaVenta, IDTipoComprobante, CAE, VencimientoCAE) VALUES (45, 9, '2025-11-20', 10, 'A90000000000000000005', '2025-11-30')
INSERT GestionStock_FRSS.dbo.Ventas(ID, IDCliente, FechaVenta, IDTipoComprobante, CAE, VencimientoCAE) VALUES (46, 10, '2025-11-02', 1, 'A10000000000000000101', '2025-11-12')
INSERT GestionStock_FRSS.dbo.Ventas(ID, IDCliente, FechaVenta, IDTipoComprobante, CAE, VencimientoCAE) VALUES (47, 10, '2025-11-06', 3, 'B10000000000000000102', '2025-11-16')
INSERT GestionStock_FRSS.dbo.Ventas(ID, IDCliente, FechaVenta, IDTipoComprobante, CAE, VencimientoCAE) VALUES (48, 10, '2025-11-11', 6, 'A10000000000000000103', '2025-11-21')
INSERT GestionStock_FRSS.dbo.Ventas(ID, IDCliente, FechaVenta, IDTipoComprobante, CAE, VencimientoCAE) VALUES (49, 10, '2025-11-16', 18, 'E10000000000000000104', '2025-11-26')
INSERT GestionStock_FRSS.dbo.Ventas(ID, IDCliente, FechaVenta, IDTipoComprobante, CAE, VencimientoCAE) VALUES (50, 10, '2025-11-21', 10, 'A10000000000000000105', '2025-12-01')
INSERT GestionStock_FRSS.dbo.Ventas(ID, IDCliente, FechaVenta, IDTipoComprobante, CAE, VencimientoCAE) VALUES (59, 9, '2025-11-24', 6, 'B10000000000000000004', '2025-11-26')
INSERT GestionStock_FRSS.dbo.Ventas(ID, IDCliente, FechaVenta, IDTipoComprobante, CAE, VencimientoCAE) VALUES (60, 3, '2025-11-22', 1, 'A00000000000000000007', '2025-11-29')
GO
SET IDENTITY_INSERT GestionStock_FRSS.dbo.Ventas OFF
GO